-- MySQL dump 10.13  Distrib 5.1.73, for redhat-linux-gnu (x86_64)
--
-- Host: localhost    Database: judge
-- ------------------------------------------------------
-- Server version	5.1.73

/*!40101 SET @OLD_CHARACTER_SET_CLIENT=@@CHARACTER_SET_CLIENT */;
/*!40101 SET @OLD_CHARACTER_SET_RESULTS=@@CHARACTER_SET_RESULTS */;
/*!40101 SET @OLD_COLLATION_CONNECTION=@@COLLATION_CONNECTION */;
/*!40101 SET NAMES utf8 */;
/*!40103 SET @OLD_TIME_ZONE=@@TIME_ZONE */;
/*!40103 SET TIME_ZONE='+00:00' */;
/*!40014 SET @OLD_UNIQUE_CHECKS=@@UNIQUE_CHECKS, UNIQUE_CHECKS=0 */;
/*!40014 SET @OLD_FOREIGN_KEY_CHECKS=@@FOREIGN_KEY_CHECKS, FOREIGN_KEY_CHECKS=0 */;
/*!40101 SET @OLD_SQL_MODE=@@SQL_MODE, SQL_MODE='NO_AUTO_VALUE_ON_ZERO' */;
/*!40111 SET @OLD_SQL_NOTES=@@SQL_NOTES, SQL_NOTES=0 */;

--
-- Table structure for table `compileinfo`
--

DROP TABLE IF EXISTS `compileinfo`;
/*!40101 SET @saved_cs_client     = @@character_set_client */;
/*!40101 SET character_set_client = utf8 */;
CREATE TABLE `compileinfo` (
  `solution_id` int(11) NOT NULL DEFAULT '0',
  `error` text,
  PRIMARY KEY (`solution_id`)
) ENGINE=MyISAM DEFAULT CHARSET=utf8;
/*!40101 SET character_set_client = @saved_cs_client */;

--
-- Dumping data for table `compileinfo`
--

LOCK TABLES `compileinfo` WRITE;
/*!40000 ALTER TABLE `compileinfo` DISABLE KEYS */;
INSERT INTO `compileinfo` VALUES (1002,'chown: invalid user: `judge\'\nMain.c:1:9: error: #include expects \"FILENAME\" or <FILENAME>\nMain.c: In function \'main\':\nMain.c:5: warning: implicit declaration of function \'scanf\'\nMain.c:5: warning: incompatible implicit declaration of built-in function \'scanf\'\nMain.c:6: warning: implicit declaration of function \'printf\'\nMain.c:6: warning: incompatible implicit declaration of built-in function \'printf\'\n'),(1001,'/usr/bin/ld: cannot open output file Main: Permission denied\ncollect2: ld returned 1 exit status\n'),(1009,'Main.java:4: error: class Summing is public, should be declared in a file named Summing.java\npublic class Summing {\n       ^\n1 error\n');
/*!40000 ALTER TABLE `compileinfo` ENABLE KEYS */;
UNLOCK TABLES;

--
-- Table structure for table `contest`
--

DROP TABLE IF EXISTS `contest`;
/*!40101 SET @saved_cs_client     = @@character_set_client */;
/*!40101 SET character_set_client = utf8 */;
CREATE TABLE `contest` (
  `contest_id` int(11) NOT NULL AUTO_INCREMENT,
  `title` varchar(255) DEFAULT NULL,
  `start_time` datetime DEFAULT NULL,
  `end_time` datetime DEFAULT NULL,
  `defunct` char(1) NOT NULL DEFAULT 'N',
  `description` text,
  `private` tinyint(4) NOT NULL DEFAULT '0',
  `langmask` int(11) NOT NULL DEFAULT '0' COMMENT 'bits for LANG to mask',
  PRIMARY KEY (`contest_id`)
) ENGINE=MyISAM AUTO_INCREMENT=1000 DEFAULT CHARSET=utf8;
/*!40101 SET character_set_client = @saved_cs_client */;

--
-- Dumping data for table `contest`
--

LOCK TABLES `contest` WRITE;
/*!40000 ALTER TABLE `contest` DISABLE KEYS */;
/*!40000 ALTER TABLE `contest` ENABLE KEYS */;
UNLOCK TABLES;

--
-- Table structure for table `contest_problem`
--

DROP TABLE IF EXISTS `contest_problem`;
/*!40101 SET @saved_cs_client     = @@character_set_client */;
/*!40101 SET character_set_client = utf8 */;
CREATE TABLE `contest_problem` (
  `problem_id` int(11) NOT NULL DEFAULT '0',
  `contest_id` int(11) DEFAULT NULL,
  `title` char(200) NOT NULL DEFAULT '',
  `num` int(11) NOT NULL DEFAULT '0'
) ENGINE=MyISAM DEFAULT CHARSET=utf8;
/*!40101 SET character_set_client = @saved_cs_client */;

--
-- Dumping data for table `contest_problem`
--

LOCK TABLES `contest_problem` WRITE;
/*!40000 ALTER TABLE `contest_problem` DISABLE KEYS */;
/*!40000 ALTER TABLE `contest_problem` ENABLE KEYS */;
UNLOCK TABLES;

--
-- Table structure for table `custominput`
--

DROP TABLE IF EXISTS `custominput`;
/*!40101 SET @saved_cs_client     = @@character_set_client */;
/*!40101 SET character_set_client = utf8 */;
CREATE TABLE `custominput` (
  `solution_id` int(11) NOT NULL DEFAULT '0',
  `input_text` text,
  PRIMARY KEY (`solution_id`)
) ENGINE=MyISAM DEFAULT CHARSET=utf8;
/*!40101 SET character_set_client = @saved_cs_client */;

--
-- Dumping data for table `custominput`
--

LOCK TABLES `custominput` WRITE;
/*!40000 ALTER TABLE `custominput` DISABLE KEYS */;
/*!40000 ALTER TABLE `custominput` ENABLE KEYS */;
UNLOCK TABLES;

--
-- Table structure for table `loginlog`
--

DROP TABLE IF EXISTS `loginlog`;
/*!40101 SET @saved_cs_client     = @@character_set_client */;
/*!40101 SET character_set_client = utf8 */;
CREATE TABLE `loginlog` (
  `user_id` varchar(48) NOT NULL DEFAULT '',
  `password` varchar(40) DEFAULT NULL,
  `ip` varchar(100) DEFAULT NULL,
  `time` datetime DEFAULT NULL,
  KEY `user_log_index` (`user_id`,`time`)
) ENGINE=MyISAM DEFAULT CHARSET=utf8;
/*!40101 SET character_set_client = @saved_cs_client */;

--
-- Dumping data for table `loginlog`
--

LOCK TABLES `loginlog` WRITE;
/*!40000 ALTER TABLE `loginlog` DISABLE KEYS */;
INSERT INTO `loginlog` VALUES ('spidermandl','Sd1cnKEP4R7WJlavC9v0wGsupQdmNjE0','127.0.0.1','2016-06-12 20:43:24'),('spidermandl','9V9yz1a4PBSH6KDlqO+4LrnpYD9mNjE0','127.0.0.1','2016-06-12 22:09:35'),('spidermandl','RuYbMughqcdINgr2NXvx1rUmrPFmNjE0','127.0.0.1','2016-06-12 22:09:52'),('spidermandl','9V9yz1a4PBSH6KDlqO+4LrnpYD9mNjE0','127.0.0.1','2016-06-12 22:11:21'),('spidermandl','RuYbMughqcdINgr2NXvx1rUmrPFmNjE0','127.0.0.1','2016-06-12 22:11:33'),('spidermandl','9V9yz1a4PBSH6KDlqO+4LrnpYD9mNjE0','127.0.0.1','2016-06-12 22:30:06'),('spidermandl','RuYbMughqcdINgr2NXvx1rUmrPFmNjE0','127.0.0.1','2016-06-12 22:30:26'),('spidermandl','0bsp61nCATd3alwNnXaeHaCrUqdmNjE0','127.0.0.1','2016-06-12 22:30:41'),('orientalstu','sD4JtgUF53tQhpoRZZfKo57DMBFjYmRm','127.0.0.1','2016-06-12 22:31:25'),('orientalstu','sD4JtgUF53tQhpoRZZfKo57DMBFjYmRm','127.0.0.1','2016-06-12 22:31:36'),('admin','jsuhyzX1pkb2mLJvJ8jRNYMzylU4Mzgz','127.0.0.1','2016-06-13 00:07:11'),('admin','jsuhyzX1pkb2mLJvJ8jRNYMzylU4Mzgz','127.0.0.1','2016-06-13 00:08:10'),('admin','jsuhyzX1pkb2mLJvJ8jRNYMzylU4Mzgz','127.0.0.1','2016-06-13 12:13:35'),('admin','jsuhyzX1pkb2mLJvJ8jRNYMzylU4Mzgz','127.0.0.1','2016-06-13 12:28:17'),('admin','jsuhyzX1pkb2mLJvJ8jRNYMzylU4Mzgz','127.0.0.1','2016-06-13 12:28:33'),('admin','jsuhyzX1pkb2mLJvJ8jRNYMzylU4Mzgz','127.0.0.1','2016-06-13 12:31:47'),('admin','jsuhyzX1pkb2mLJvJ8jRNYMzylU4Mzgz','127.0.0.1','2016-06-13 12:48:11'),('admin','jsuhyzX1pkb2mLJvJ8jRNYMzylU4Mzgz','127.0.0.1','2016-06-13 12:54:54'),('admin','jsuhyzX1pkb2mLJvJ8jRNYMzylU4Mzgz','127.0.0.1','2016-06-13 12:55:09'),('admin','jsuhyzX1pkb2mLJvJ8jRNYMzylU4Mzgz','127.0.0.1','2016-06-13 13:04:17'),('admin','jsuhyzX1pkb2mLJvJ8jRNYMzylU4Mzgz','127.0.0.1','2016-06-13 13:04:38'),('admin','jsuhyzX1pkb2mLJvJ8jRNYMzylU4Mzgz','127.0.0.1','2016-06-13 13:05:22'),('admin','jsuhyzX1pkb2mLJvJ8jRNYMzylU4Mzgz','127.0.0.1','2016-06-13 13:14:57'),('admin','jsuhyzX1pkb2mLJvJ8jRNYMzylU4Mzgz','127.0.0.1','2016-06-13 13:15:17'),('admin','jsuhyzX1pkb2mLJvJ8jRNYMzylU4Mzgz','127.0.0.1','2016-06-13 13:21:38'),('admin','jsuhyzX1pkb2mLJvJ8jRNYMzylU4Mzgz','127.0.0.1','2016-06-13 16:37:00'),('admin','jsuhyzX1pkb2mLJvJ8jRNYMzylU4Mzgz','127.0.0.1','2016-06-13 16:37:00'),('admin','jsuhyzX1pkb2mLJvJ8jRNYMzylU4Mzgz','127.0.0.1','2016-06-13 16:37:00'),('admin','jsuhyzX1pkb2mLJvJ8jRNYMzylU4Mzgz','127.0.0.1','2016-06-13 16:37:00'),('admin','jsuhyzX1pkb2mLJvJ8jRNYMzylU4Mzgz','127.0.0.1','2016-06-13 16:37:00'),('admin','jsuhyzX1pkb2mLJvJ8jRNYMzylU4Mzgz','127.0.0.1','2016-06-13 16:37:00'),('admin','jsuhyzX1pkb2mLJvJ8jRNYMzylU4Mzgz','127.0.0.1','2016-06-13 16:37:00'),('admin','jsuhyzX1pkb2mLJvJ8jRNYMzylU4Mzgz','127.0.0.1','2016-06-13 16:37:00'),('admin','jsuhyzX1pkb2mLJvJ8jRNYMzylU4Mzgz','127.0.0.1','2016-06-13 16:37:00'),('admin','jsuhyzX1pkb2mLJvJ8jRNYMzylU4Mzgz','127.0.0.1','2016-06-13 16:37:00'),('admin','jsuhyzX1pkb2mLJvJ8jRNYMzylU4Mzgz','127.0.0.1','2016-06-13 16:37:00'),('admin','jsuhyzX1pkb2mLJvJ8jRNYMzylU4Mzgz','127.0.0.1','2016-06-13 16:37:00'),('admin','jsuhyzX1pkb2mLJvJ8jRNYMzylU4Mzgz','127.0.0.1','2016-06-13 16:37:00'),('admin','jsuhyzX1pkb2mLJvJ8jRNYMzylU4Mzgz','127.0.0.1','2016-06-13 16:37:00'),('admin','jsuhyzX1pkb2mLJvJ8jRNYMzylU4Mzgz','127.0.0.1','2016-06-13 16:37:00'),('admin','jsuhyzX1pkb2mLJvJ8jRNYMzylU4Mzgz','127.0.0.1','2016-06-13 16:37:00'),('admin','jsuhyzX1pkb2mLJvJ8jRNYMzylU4Mzgz','127.0.0.1','2016-06-13 16:37:00'),('admin','jsuhyzX1pkb2mLJvJ8jRNYMzylU4Mzgz','127.0.0.1','2016-06-13 16:37:00'),('admin','jsuhyzX1pkb2mLJvJ8jRNYMzylU4Mzgz','127.0.0.1','2016-06-13 16:37:00'),('admin','jsuhyzX1pkb2mLJvJ8jRNYMzylU4Mzgz','127.0.0.1','2016-06-13 16:37:00'),('admin','jsuhyzX1pkb2mLJvJ8jRNYMzylU4Mzgz','127.0.0.1','2016-06-13 16:37:01'),('admin','jsuhyzX1pkb2mLJvJ8jRNYMzylU4Mzgz','127.0.0.1','2016-06-13 16:37:02'),('admin','jsuhyzX1pkb2mLJvJ8jRNYMzylU4Mzgz','127.0.0.1','2016-06-13 16:37:02'),('admin','jsuhyzX1pkb2mLJvJ8jRNYMzylU4Mzgz','127.0.0.1','2016-06-13 16:37:02'),('admin','jsuhyzX1pkb2mLJvJ8jRNYMzylU4Mzgz','127.0.0.1','2016-06-13 16:37:02'),('admin','jsuhyzX1pkb2mLJvJ8jRNYMzylU4Mzgz','127.0.0.1','2016-06-13 16:37:02'),('admin','jsuhyzX1pkb2mLJvJ8jRNYMzylU4Mzgz','127.0.0.1','2016-06-13 16:37:02'),('admin','jsuhyzX1pkb2mLJvJ8jRNYMzylU4Mzgz','127.0.0.1','2016-06-13 16:37:02'),('admin','jsuhyzX1pkb2mLJvJ8jRNYMzylU4Mzgz','127.0.0.1','2016-06-13 16:37:02'),('admin','jsuhyzX1pkb2mLJvJ8jRNYMzylU4Mzgz','127.0.0.1','2016-06-13 16:37:02'),('admin','jsuhyzX1pkb2mLJvJ8jRNYMzylU4Mzgz','127.0.0.1','2016-06-13 16:37:02'),('admin','jsuhyzX1pkb2mLJvJ8jRNYMzylU4Mzgz','127.0.0.1','2016-06-13 16:37:03'),('admin','jsuhyzX1pkb2mLJvJ8jRNYMzylU4Mzgz','127.0.0.1','2016-06-13 16:37:03'),('admin','jsuhyzX1pkb2mLJvJ8jRNYMzylU4Mzgz','127.0.0.1','2016-06-13 16:37:03'),('admin','jsuhyzX1pkb2mLJvJ8jRNYMzylU4Mzgz','127.0.0.1','2016-06-13 16:37:03'),('admin','jsuhyzX1pkb2mLJvJ8jRNYMzylU4Mzgz','127.0.0.1','2016-06-13 16:37:03'),('admin','jsuhyzX1pkb2mLJvJ8jRNYMzylU4Mzgz','127.0.0.1','2016-06-13 16:37:03'),('admin','jsuhyzX1pkb2mLJvJ8jRNYMzylU4Mzgz','127.0.0.1','2016-06-13 16:37:03'),('admin','jsuhyzX1pkb2mLJvJ8jRNYMzylU4Mzgz','127.0.0.1','2016-06-13 16:37:03'),('admin','jsuhyzX1pkb2mLJvJ8jRNYMzylU4Mzgz','127.0.0.1','2016-06-13 16:37:03'),('admin','jsuhyzX1pkb2mLJvJ8jRNYMzylU4Mzgz','127.0.0.1','2016-06-13 16:37:03'),('admin','jsuhyzX1pkb2mLJvJ8jRNYMzylU4Mzgz','127.0.0.1','2016-06-13 16:37:03'),('admin','jsuhyzX1pkb2mLJvJ8jRNYMzylU4Mzgz','127.0.0.1','2016-06-13 16:39:10'),('admin','jsuhyzX1pkb2mLJvJ8jRNYMzylU4Mzgz','127.0.0.1','2016-06-13 16:39:10'),('admin','jsuhyzX1pkb2mLJvJ8jRNYMzylU4Mzgz','127.0.0.1','2016-06-13 16:39:10'),('admin','jsuhyzX1pkb2mLJvJ8jRNYMzylU4Mzgz','127.0.0.1','2016-06-13 16:39:10'),('admin','jsuhyzX1pkb2mLJvJ8jRNYMzylU4Mzgz','127.0.0.1','2016-06-13 16:39:10'),('admin','jsuhyzX1pkb2mLJvJ8jRNYMzylU4Mzgz','127.0.0.1','2016-06-13 16:39:10'),('admin','jsuhyzX1pkb2mLJvJ8jRNYMzylU4Mzgz','127.0.0.1','2016-06-13 16:39:10'),('admin','jsuhyzX1pkb2mLJvJ8jRNYMzylU4Mzgz','127.0.0.1','2016-06-13 16:39:10'),('admin','jsuhyzX1pkb2mLJvJ8jRNYMzylU4Mzgz','127.0.0.1','2016-06-13 16:39:10'),('admin','jsuhyzX1pkb2mLJvJ8jRNYMzylU4Mzgz','127.0.0.1','2016-06-13 16:39:10'),('admin','jsuhyzX1pkb2mLJvJ8jRNYMzylU4Mzgz','127.0.0.1','2016-06-13 16:39:10'),('admin','jsuhyzX1pkb2mLJvJ8jRNYMzylU4Mzgz','127.0.0.1','2016-06-13 16:39:10'),('admin','jsuhyzX1pkb2mLJvJ8jRNYMzylU4Mzgz','127.0.0.1','2016-06-13 16:39:10'),('admin','jsuhyzX1pkb2mLJvJ8jRNYMzylU4Mzgz','127.0.0.1','2016-06-13 16:39:10'),('admin','jsuhyzX1pkb2mLJvJ8jRNYMzylU4Mzgz','127.0.0.1','2016-06-13 16:39:10'),('admin','jsuhyzX1pkb2mLJvJ8jRNYMzylU4Mzgz','127.0.0.1','2016-06-13 16:39:10'),('admin','jsuhyzX1pkb2mLJvJ8jRNYMzylU4Mzgz','127.0.0.1','2016-06-13 16:39:10'),('admin','jsuhyzX1pkb2mLJvJ8jRNYMzylU4Mzgz','127.0.0.1','2016-06-13 16:39:11'),('admin','jsuhyzX1pkb2mLJvJ8jRNYMzylU4Mzgz','127.0.0.1','2016-06-13 16:39:11'),('admin','jsuhyzX1pkb2mLJvJ8jRNYMzylU4Mzgz','127.0.0.1','2016-06-13 16:39:11'),('admin','jsuhyzX1pkb2mLJvJ8jRNYMzylU4Mzgz','127.0.0.1','2016-06-13 16:39:11'),('admin','jsuhyzX1pkb2mLJvJ8jRNYMzylU4Mzgz','127.0.0.1','2016-06-13 16:41:48'),('admin','jsuhyzX1pkb2mLJvJ8jRNYMzylU4Mzgz','127.0.0.1','2016-06-13 16:41:48'),('admin','jsuhyzX1pkb2mLJvJ8jRNYMzylU4Mzgz','127.0.0.1','2016-06-13 16:41:48'),('admin','jsuhyzX1pkb2mLJvJ8jRNYMzylU4Mzgz','127.0.0.1','2016-06-13 16:41:48'),('admin','jsuhyzX1pkb2mLJvJ8jRNYMzylU4Mzgz','127.0.0.1','2016-06-13 16:41:48'),('admin','jsuhyzX1pkb2mLJvJ8jRNYMzylU4Mzgz','127.0.0.1','2016-06-13 16:41:48'),('admin','jsuhyzX1pkb2mLJvJ8jRNYMzylU4Mzgz','127.0.0.1','2016-06-13 16:41:48'),('admin','jsuhyzX1pkb2mLJvJ8jRNYMzylU4Mzgz','127.0.0.1','2016-06-13 16:41:48'),('admin','jsuhyzX1pkb2mLJvJ8jRNYMzylU4Mzgz','127.0.0.1','2016-06-13 16:41:48'),('admin','jsuhyzX1pkb2mLJvJ8jRNYMzylU4Mzgz','127.0.0.1','2016-06-13 16:41:48'),('admin','jsuhyzX1pkb2mLJvJ8jRNYMzylU4Mzgz','127.0.0.1','2016-06-13 16:41:48'),('admin','jsuhyzX1pkb2mLJvJ8jRNYMzylU4Mzgz','127.0.0.1','2016-06-13 16:41:48'),('admin','jsuhyzX1pkb2mLJvJ8jRNYMzylU4Mzgz','127.0.0.1','2016-06-13 16:41:48'),('admin','jsuhyzX1pkb2mLJvJ8jRNYMzylU4Mzgz','127.0.0.1','2016-06-13 16:41:48'),('admin','jsuhyzX1pkb2mLJvJ8jRNYMzylU4Mzgz','127.0.0.1','2016-06-13 16:41:48'),('admin','jsuhyzX1pkb2mLJvJ8jRNYMzylU4Mzgz','127.0.0.1','2016-06-13 16:41:48'),('admin','jsuhyzX1pkb2mLJvJ8jRNYMzylU4Mzgz','127.0.0.1','2016-06-13 16:41:48'),('admin','jsuhyzX1pkb2mLJvJ8jRNYMzylU4Mzgz','127.0.0.1','2016-06-13 16:41:48'),('admin','jsuhyzX1pkb2mLJvJ8jRNYMzylU4Mzgz','127.0.0.1','2016-06-13 16:41:48'),('admin','jsuhyzX1pkb2mLJvJ8jRNYMzylU4Mzgz','127.0.0.1','2016-06-13 16:41:48'),('admin','jsuhyzX1pkb2mLJvJ8jRNYMzylU4Mzgz','127.0.0.1','2016-06-13 16:41:48'),('admin','jsuhyzX1pkb2mLJvJ8jRNYMzylU4Mzgz','127.0.0.1','2016-06-13 16:42:09'),('admin','jsuhyzX1pkb2mLJvJ8jRNYMzylU4Mzgz','127.0.0.1','2016-06-13 16:42:09'),('admin','jsuhyzX1pkb2mLJvJ8jRNYMzylU4Mzgz','127.0.0.1','2016-06-13 16:42:09'),('admin','jsuhyzX1pkb2mLJvJ8jRNYMzylU4Mzgz','127.0.0.1','2016-06-13 16:42:09'),('admin','jsuhyzX1pkb2mLJvJ8jRNYMzylU4Mzgz','127.0.0.1','2016-06-13 16:42:09'),('admin','jsuhyzX1pkb2mLJvJ8jRNYMzylU4Mzgz','127.0.0.1','2016-06-13 16:42:09'),('admin','jsuhyzX1pkb2mLJvJ8jRNYMzylU4Mzgz','127.0.0.1','2016-06-13 16:42:09'),('admin','jsuhyzX1pkb2mLJvJ8jRNYMzylU4Mzgz','127.0.0.1','2016-06-13 16:42:09'),('admin','jsuhyzX1pkb2mLJvJ8jRNYMzylU4Mzgz','127.0.0.1','2016-06-13 16:42:09'),('admin','jsuhyzX1pkb2mLJvJ8jRNYMzylU4Mzgz','127.0.0.1','2016-06-13 16:42:09'),('admin','jsuhyzX1pkb2mLJvJ8jRNYMzylU4Mzgz','127.0.0.1','2016-06-13 16:42:09'),('admin','jsuhyzX1pkb2mLJvJ8jRNYMzylU4Mzgz','127.0.0.1','2016-06-13 16:42:09'),('admin','jsuhyzX1pkb2mLJvJ8jRNYMzylU4Mzgz','127.0.0.1','2016-06-13 16:42:09'),('admin','jsuhyzX1pkb2mLJvJ8jRNYMzylU4Mzgz','127.0.0.1','2016-06-13 16:42:09'),('admin','jsuhyzX1pkb2mLJvJ8jRNYMzylU4Mzgz','127.0.0.1','2016-06-13 16:42:09'),('admin','jsuhyzX1pkb2mLJvJ8jRNYMzylU4Mzgz','127.0.0.1','2016-06-13 16:42:09'),('admin','jsuhyzX1pkb2mLJvJ8jRNYMzylU4Mzgz','127.0.0.1','2016-06-13 16:42:09'),('admin','jsuhyzX1pkb2mLJvJ8jRNYMzylU4Mzgz','127.0.0.1','2016-06-13 16:42:09'),('admin','jsuhyzX1pkb2mLJvJ8jRNYMzylU4Mzgz','127.0.0.1','2016-06-13 16:42:09'),('admin','jsuhyzX1pkb2mLJvJ8jRNYMzylU4Mzgz','127.0.0.1','2016-06-13 16:42:09'),('admin','jsuhyzX1pkb2mLJvJ8jRNYMzylU4Mzgz','127.0.0.1','2016-06-13 16:42:09'),('admin','jsuhyzX1pkb2mLJvJ8jRNYMzylU4Mzgz','127.0.0.1','2016-06-13 16:42:18'),('admin','jsuhyzX1pkb2mLJvJ8jRNYMzylU4Mzgz','127.0.0.1','2016-06-13 16:43:26'),('admin','jsuhyzX1pkb2mLJvJ8jRNYMzylU4Mzgz','127.0.0.1','2016-06-13 17:01:51'),('admin','jsuhyzX1pkb2mLJvJ8jRNYMzylU4Mzgz','127.0.0.1','2016-06-13 17:01:51'),('admin','jsuhyzX1pkb2mLJvJ8jRNYMzylU4Mzgz','127.0.0.1','2016-06-13 17:01:51'),('admin','jsuhyzX1pkb2mLJvJ8jRNYMzylU4Mzgz','127.0.0.1','2016-06-13 17:01:51'),('admin','jsuhyzX1pkb2mLJvJ8jRNYMzylU4Mzgz','127.0.0.1','2016-06-13 17:01:51'),('admin','jsuhyzX1pkb2mLJvJ8jRNYMzylU4Mzgz','127.0.0.1','2016-06-13 17:01:51'),('admin','jsuhyzX1pkb2mLJvJ8jRNYMzylU4Mzgz','127.0.0.1','2016-06-13 17:01:51'),('admin','jsuhyzX1pkb2mLJvJ8jRNYMzylU4Mzgz','127.0.0.1','2016-06-13 17:01:51'),('admin','jsuhyzX1pkb2mLJvJ8jRNYMzylU4Mzgz','127.0.0.1','2016-06-13 17:01:51'),('admin','jsuhyzX1pkb2mLJvJ8jRNYMzylU4Mzgz','127.0.0.1','2016-06-13 17:01:51'),('admin','jsuhyzX1pkb2mLJvJ8jRNYMzylU4Mzgz','127.0.0.1','2016-06-13 17:01:51'),('admin','jsuhyzX1pkb2mLJvJ8jRNYMzylU4Mzgz','127.0.0.1','2016-06-13 17:01:51'),('admin','jsuhyzX1pkb2mLJvJ8jRNYMzylU4Mzgz','127.0.0.1','2016-06-13 17:01:51'),('admin','jsuhyzX1pkb2mLJvJ8jRNYMzylU4Mzgz','127.0.0.1','2016-06-13 17:01:51'),('admin','jsuhyzX1pkb2mLJvJ8jRNYMzylU4Mzgz','127.0.0.1','2016-06-13 17:01:51'),('admin','jsuhyzX1pkb2mLJvJ8jRNYMzylU4Mzgz','127.0.0.1','2016-06-13 17:01:51'),('admin','jsuhyzX1pkb2mLJvJ8jRNYMzylU4Mzgz','127.0.0.1','2016-06-13 17:01:51'),('admin','jsuhyzX1pkb2mLJvJ8jRNYMzylU4Mzgz','127.0.0.1','2016-06-13 17:01:51'),('admin','jsuhyzX1pkb2mLJvJ8jRNYMzylU4Mzgz','127.0.0.1','2016-06-13 17:01:51'),('admin','jsuhyzX1pkb2mLJvJ8jRNYMzylU4Mzgz','127.0.0.1','2016-06-13 17:01:51'),('admin','jsuhyzX1pkb2mLJvJ8jRNYMzylU4Mzgz','127.0.0.1','2016-06-13 17:01:51'),('admin','jsuhyzX1pkb2mLJvJ8jRNYMzylU4Mzgz','127.0.0.1','2016-06-13 20:34:18'),('admin','jsuhyzX1pkb2mLJvJ8jRNYMzylU4Mzgz','127.0.0.1','2016-06-13 20:34:18'),('admin','jsuhyzX1pkb2mLJvJ8jRNYMzylU4Mzgz','127.0.0.1','2016-06-13 20:34:18'),('admin','jsuhyzX1pkb2mLJvJ8jRNYMzylU4Mzgz','127.0.0.1','2016-06-13 20:34:18'),('admin','jsuhyzX1pkb2mLJvJ8jRNYMzylU4Mzgz','127.0.0.1','2016-06-13 20:34:18'),('admin','jsuhyzX1pkb2mLJvJ8jRNYMzylU4Mzgz','127.0.0.1','2016-06-13 20:34:18'),('admin','jsuhyzX1pkb2mLJvJ8jRNYMzylU4Mzgz','127.0.0.1','2016-06-13 20:34:18'),('admin','jsuhyzX1pkb2mLJvJ8jRNYMzylU4Mzgz','127.0.0.1','2016-06-13 20:34:18'),('admin','jsuhyzX1pkb2mLJvJ8jRNYMzylU4Mzgz','127.0.0.1','2016-06-13 20:34:18'),('admin','jsuhyzX1pkb2mLJvJ8jRNYMzylU4Mzgz','127.0.0.1','2016-06-13 20:34:18'),('admin','jsuhyzX1pkb2mLJvJ8jRNYMzylU4Mzgz','127.0.0.1','2016-06-13 20:34:18'),('admin','jsuhyzX1pkb2mLJvJ8jRNYMzylU4Mzgz','127.0.0.1','2016-06-13 20:34:18'),('admin','jsuhyzX1pkb2mLJvJ8jRNYMzylU4Mzgz','127.0.0.1','2016-06-13 20:34:18'),('admin','jsuhyzX1pkb2mLJvJ8jRNYMzylU4Mzgz','127.0.0.1','2016-06-13 20:34:18'),('admin','jsuhyzX1pkb2mLJvJ8jRNYMzylU4Mzgz','127.0.0.1','2016-06-13 20:34:18'),('admin','jsuhyzX1pkb2mLJvJ8jRNYMzylU4Mzgz','127.0.0.1','2016-06-13 20:34:18'),('admin','jsuhyzX1pkb2mLJvJ8jRNYMzylU4Mzgz','127.0.0.1','2016-06-13 20:34:19'),('admin','jsuhyzX1pkb2mLJvJ8jRNYMzylU4Mzgz','127.0.0.1','2016-06-13 20:34:19'),('admin','jsuhyzX1pkb2mLJvJ8jRNYMzylU4Mzgz','127.0.0.1','2016-06-13 20:34:19'),('admin','jsuhyzX1pkb2mLJvJ8jRNYMzylU4Mzgz','127.0.0.1','2016-06-13 20:34:19'),('admin','jsuhyzX1pkb2mLJvJ8jRNYMzylU4Mzgz','127.0.0.1','2016-06-13 20:34:19'),('admin','jsuhyzX1pkb2mLJvJ8jRNYMzylU4Mzgz','127.0.0.1','2016-06-13 20:43:55'),('admin','jsuhyzX1pkb2mLJvJ8jRNYMzylU4Mzgz','127.0.0.1','2016-06-13 20:45:07'),('admin','jsuhyzX1pkb2mLJvJ8jRNYMzylU4Mzgz','127.0.0.1','2016-06-13 20:45:29'),('admin','jsuhyzX1pkb2mLJvJ8jRNYMzylU4Mzgz','127.0.0.1','2016-06-13 20:56:39'),('admin','jsuhyzX1pkb2mLJvJ8jRNYMzylU4Mzgz','127.0.0.1','2016-06-14 00:48:32'),('admin','jsuhyzX1pkb2mLJvJ8jRNYMzylU4Mzgz','127.0.0.1','2016-06-14 00:58:18'),('admin','jsuhyzX1pkb2mLJvJ8jRNYMzylU4Mzgz','127.0.0.1','2016-06-14 00:58:42'),('admin','jsuhyzX1pkb2mLJvJ8jRNYMzylU4Mzgz','127.0.0.1','2016-06-14 00:58:44'),('admin','jsuhyzX1pkb2mLJvJ8jRNYMzylU4Mzgz','127.0.0.1','2016-06-14 00:59:44'),('admin','jsuhyzX1pkb2mLJvJ8jRNYMzylU4Mzgz','127.0.0.1','2016-06-14 01:07:33'),('admin','jsuhyzX1pkb2mLJvJ8jRNYMzylU4Mzgz','127.0.0.1','2016-06-14 01:07:55'),('admin','jsuhyzX1pkb2mLJvJ8jRNYMzylU4Mzgz','127.0.0.1','2016-06-14 01:09:18'),('admin','jsuhyzX1pkb2mLJvJ8jRNYMzylU4Mzgz','127.0.0.1','2016-06-14 01:10:31'),('admin','jsuhyzX1pkb2mLJvJ8jRNYMzylU4Mzgz','127.0.0.1','2016-06-14 01:10:57'),('admin','jsuhyzX1pkb2mLJvJ8jRNYMzylU4Mzgz','127.0.0.1','2016-06-14 01:11:46'),('admin','jsuhyzX1pkb2mLJvJ8jRNYMzylU4Mzgz','127.0.0.1','2016-06-14 01:18:16'),('admin','jsuhyzX1pkb2mLJvJ8jRNYMzylU4Mzgz','127.0.0.1','2016-06-14 01:19:56'),('admin','jsuhyzX1pkb2mLJvJ8jRNYMzylU4Mzgz','127.0.0.1','2016-06-14 01:21:55'),('admin','jsuhyzX1pkb2mLJvJ8jRNYMzylU4Mzgz','127.0.0.1','2016-06-14 01:29:56'),('admin','jsuhyzX1pkb2mLJvJ8jRNYMzylU4Mzgz','127.0.0.1','2016-06-14 11:55:30'),('admin','jsuhyzX1pkb2mLJvJ8jRNYMzylU4Mzgz','127.0.0.1','2016-06-14 11:55:33'),('admin','jsuhyzX1pkb2mLJvJ8jRNYMzylU4Mzgz','127.0.0.1','2016-06-14 12:14:16'),('admin','jsuhyzX1pkb2mLJvJ8jRNYMzylU4Mzgz','127.0.0.1','2016-06-14 13:46:23'),('admin','jsuhyzX1pkb2mLJvJ8jRNYMzylU4Mzgz','127.0.0.1','2016-06-14 15:14:50'),('admin','jsuhyzX1pkb2mLJvJ8jRNYMzylU4Mzgz','127.0.0.1','2016-06-14 15:14:57'),('admin','jsuhyzX1pkb2mLJvJ8jRNYMzylU4Mzgz','127.0.0.1','2016-06-14 15:18:57'),('admin','jsuhyzX1pkb2mLJvJ8jRNYMzylU4Mzgz','127.0.0.1','2016-06-14 15:27:52'),('admin','jsuhyzX1pkb2mLJvJ8jRNYMzylU4Mzgz','127.0.0.1','2016-06-14 16:05:18'),('admin','jsuhyzX1pkb2mLJvJ8jRNYMzylU4Mzgz','127.0.0.1','2016-06-14 17:23:07'),('admin','jsuhyzX1pkb2mLJvJ8jRNYMzylU4Mzgz','127.0.0.1','2016-06-14 17:24:53'),('admin','jsuhyzX1pkb2mLJvJ8jRNYMzylU4Mzgz','127.0.0.1','2016-06-14 17:27:43'),('admin','jsuhyzX1pkb2mLJvJ8jRNYMzylU4Mzgz','127.0.0.1','2016-06-14 17:57:47'),('admin','jsuhyzX1pkb2mLJvJ8jRNYMzylU4Mzgz','127.0.0.1','2016-06-14 17:59:19'),('admin','jsuhyzX1pkb2mLJvJ8jRNYMzylU4Mzgz','127.0.0.1','2016-06-14 18:01:02'),('admin','jsuhyzX1pkb2mLJvJ8jRNYMzylU4Mzgz','127.0.0.1','2016-06-14 18:01:23'),('admin','jsuhyzX1pkb2mLJvJ8jRNYMzylU4Mzgz','127.0.0.1','2016-06-14 18:02:08'),('admin','jsuhyzX1pkb2mLJvJ8jRNYMzylU4Mzgz','127.0.0.1','2016-06-14 18:02:18'),('admin','jsuhyzX1pkb2mLJvJ8jRNYMzylU4Mzgz','127.0.0.1','2016-06-14 18:02:51'),('admin','jsuhyzX1pkb2mLJvJ8jRNYMzylU4Mzgz','127.0.0.1','2016-06-14 18:03:48'),('admin','jsuhyzX1pkb2mLJvJ8jRNYMzylU4Mzgz','127.0.0.1','2016-06-14 18:04:44'),('admin','jsuhyzX1pkb2mLJvJ8jRNYMzylU4Mzgz','127.0.0.1','2016-06-14 18:04:49'),('admin','jsuhyzX1pkb2mLJvJ8jRNYMzylU4Mzgz','127.0.0.1','2016-06-14 18:05:34'),('admin','jsuhyzX1pkb2mLJvJ8jRNYMzylU4Mzgz','127.0.0.1','2016-06-14 18:06:39'),('admin','jsuhyzX1pkb2mLJvJ8jRNYMzylU4Mzgz','127.0.0.1','2016-06-14 18:07:06'),('admin','jsuhyzX1pkb2mLJvJ8jRNYMzylU4Mzgz','127.0.0.1','2016-06-14 18:13:37'),('admin','jsuhyzX1pkb2mLJvJ8jRNYMzylU4Mzgz','127.0.0.1','2016-06-14 18:16:29'),('admin','jsuhyzX1pkb2mLJvJ8jRNYMzylU4Mzgz','127.0.0.1','2016-06-14 18:16:58'),('admin','jsuhyzX1pkb2mLJvJ8jRNYMzylU4Mzgz','127.0.0.1','2016-06-14 18:20:37'),('admin','jsuhyzX1pkb2mLJvJ8jRNYMzylU4Mzgz','127.0.0.1','2016-06-14 18:28:07'),('admin','jsuhyzX1pkb2mLJvJ8jRNYMzylU4Mzgz','127.0.0.1','2016-06-14 18:28:19'),('admin','jsuhyzX1pkb2mLJvJ8jRNYMzylU4Mzgz','127.0.0.1','2016-06-14 18:28:33'),('admin','jsuhyzX1pkb2mLJvJ8jRNYMzylU4Mzgz','127.0.0.1','2016-06-14 18:29:30'),('admin','jsuhyzX1pkb2mLJvJ8jRNYMzylU4Mzgz','127.0.0.1','2016-06-14 18:29:55'),('admin','jsuhyzX1pkb2mLJvJ8jRNYMzylU4Mzgz','127.0.0.1','2016-06-14 18:31:56'),('admin','jsuhyzX1pkb2mLJvJ8jRNYMzylU4Mzgz','127.0.0.1','2016-06-14 18:32:21'),('admin','jsuhyzX1pkb2mLJvJ8jRNYMzylU4Mzgz','127.0.0.1','2016-06-14 18:33:40'),('admin','jsuhyzX1pkb2mLJvJ8jRNYMzylU4Mzgz','127.0.0.1','2016-06-14 18:34:10'),('admin','jsuhyzX1pkb2mLJvJ8jRNYMzylU4Mzgz','127.0.0.1','2016-06-14 18:35:11'),('admin','jsuhyzX1pkb2mLJvJ8jRNYMzylU4Mzgz','127.0.0.1','2016-06-14 18:35:30'),('admin','jsuhyzX1pkb2mLJvJ8jRNYMzylU4Mzgz','127.0.0.1','2016-06-14 18:41:21'),('admin','jsuhyzX1pkb2mLJvJ8jRNYMzylU4Mzgz','127.0.0.1','2016-06-14 18:43:44'),('admin','jsuhyzX1pkb2mLJvJ8jRNYMzylU4Mzgz','127.0.0.1','2016-06-14 18:49:09'),('admin','jsuhyzX1pkb2mLJvJ8jRNYMzylU4Mzgz','127.0.0.1','2016-06-14 18:49:44'),('admin','jsuhyzX1pkb2mLJvJ8jRNYMzylU4Mzgz','127.0.0.1','2016-06-14 18:53:09'),('admin','jsuhyzX1pkb2mLJvJ8jRNYMzylU4Mzgz','127.0.0.1','2016-06-14 18:54:39'),('admin','jsuhyzX1pkb2mLJvJ8jRNYMzylU4Mzgz','127.0.0.1','2016-06-14 18:58:58'),('admin','jsuhyzX1pkb2mLJvJ8jRNYMzylU4Mzgz','127.0.0.1','2016-06-14 19:00:26'),('admin','jsuhyzX1pkb2mLJvJ8jRNYMzylU4Mzgz','127.0.0.1','2016-06-14 19:00:43'),('admin','jsuhyzX1pkb2mLJvJ8jRNYMzylU4Mzgz','127.0.0.1','2016-06-14 21:01:15'),('admin','jsuhyzX1pkb2mLJvJ8jRNYMzylU4Mzgz','127.0.0.1','2016-06-14 23:27:33'),('admin','jsuhyzX1pkb2mLJvJ8jRNYMzylU4Mzgz','127.0.0.1','2016-06-14 23:28:51'),('admin','jsuhyzX1pkb2mLJvJ8jRNYMzylU4Mzgz','127.0.0.1','2016-06-14 23:30:43'),('admin','jsuhyzX1pkb2mLJvJ8jRNYMzylU4Mzgz','127.0.0.1','2016-06-14 23:38:37'),('admin','jsuhyzX1pkb2mLJvJ8jRNYMzylU4Mzgz','127.0.0.1','2016-06-14 23:43:02'),('admin','jsuhyzX1pkb2mLJvJ8jRNYMzylU4Mzgz','127.0.0.1','2016-06-14 23:47:40'),('admin','jsuhyzX1pkb2mLJvJ8jRNYMzylU4Mzgz','127.0.0.1','2016-06-14 23:48:51'),('admin','jsuhyzX1pkb2mLJvJ8jRNYMzylU4Mzgz','127.0.0.1','2016-06-14 23:55:14'),('admin','jsuhyzX1pkb2mLJvJ8jRNYMzylU4Mzgz','127.0.0.1','2016-06-15 00:07:26'),('admin','jsuhyzX1pkb2mLJvJ8jRNYMzylU4Mzgz','127.0.0.1','2016-06-15 01:01:34'),('admin','jsuhyzX1pkb2mLJvJ8jRNYMzylU4Mzgz','127.0.0.1','2016-06-15 01:01:52'),('admin','jsuhyzX1pkb2mLJvJ8jRNYMzylU4Mzgz','127.0.0.1','2016-06-15 17:00:38'),('admin','jsuhyzX1pkb2mLJvJ8jRNYMzylU4Mzgz','127.0.0.1','2016-06-15 17:05:42'),('admin','jsuhyzX1pkb2mLJvJ8jRNYMzylU4Mzgz','127.0.0.1','2016-06-15 17:44:18'),('admin','jsuhyzX1pkb2mLJvJ8jRNYMzylU4Mzgz','127.0.0.1','2016-06-15 17:46:39'),('admin','jsuhyzX1pkb2mLJvJ8jRNYMzylU4Mzgz','127.0.0.1','2016-06-15 17:47:15'),('admin','jsuhyzX1pkb2mLJvJ8jRNYMzylU4Mzgz','127.0.0.1','2016-06-15 17:48:55'),('admin','jsuhyzX1pkb2mLJvJ8jRNYMzylU4Mzgz','127.0.0.1','2016-06-15 17:49:10'),('admin','jsuhyzX1pkb2mLJvJ8jRNYMzylU4Mzgz','127.0.0.1','2016-06-15 17:49:42'),('admin','jsuhyzX1pkb2mLJvJ8jRNYMzylU4Mzgz','127.0.0.1','2016-06-15 17:50:42'),('admin','jsuhyzX1pkb2mLJvJ8jRNYMzylU4Mzgz','127.0.0.1','2016-06-15 17:51:16'),('admin','jsuhyzX1pkb2mLJvJ8jRNYMzylU4Mzgz','127.0.0.1','2016-06-15 17:51:51'),('admin','jsuhyzX1pkb2mLJvJ8jRNYMzylU4Mzgz','127.0.0.1','2016-06-15 17:52:09'),('admin','jsuhyzX1pkb2mLJvJ8jRNYMzylU4Mzgz','127.0.0.1','2016-06-15 17:52:24'),('admin','jsuhyzX1pkb2mLJvJ8jRNYMzylU4Mzgz','127.0.0.1','2016-06-15 17:54:13'),('admin','jsuhyzX1pkb2mLJvJ8jRNYMzylU4Mzgz','127.0.0.1','2016-06-15 17:56:21'),('admin','jsuhyzX1pkb2mLJvJ8jRNYMzylU4Mzgz','127.0.0.1','2016-06-15 17:56:55'),('admin','jsuhyzX1pkb2mLJvJ8jRNYMzylU4Mzgz','127.0.0.1','2016-06-15 17:58:19'),('admin','jsuhyzX1pkb2mLJvJ8jRNYMzylU4Mzgz','127.0.0.1','2016-06-15 17:58:55'),('admin','jsuhyzX1pkb2mLJvJ8jRNYMzylU4Mzgz','127.0.0.1','2016-06-15 17:59:28'),('admin','jsuhyzX1pkb2mLJvJ8jRNYMzylU4Mzgz','127.0.0.1','2016-06-15 18:45:22'),('admin','jsuhyzX1pkb2mLJvJ8jRNYMzylU4Mzgz','127.0.0.1','2016-06-15 18:45:30'),('admin','jsuhyzX1pkb2mLJvJ8jRNYMzylU4Mzgz','127.0.0.1','2016-06-15 18:46:40'),('admin','jsuhyzX1pkb2mLJvJ8jRNYMzylU4Mzgz','127.0.0.1','2016-06-15 18:47:06'),('admin','jsuhyzX1pkb2mLJvJ8jRNYMzylU4Mzgz','127.0.0.1','2016-06-15 18:48:27'),('admin','jsuhyzX1pkb2mLJvJ8jRNYMzylU4Mzgz','127.0.0.1','2016-06-15 18:49:16'),('admin','jsuhyzX1pkb2mLJvJ8jRNYMzylU4Mzgz','127.0.0.1','2016-06-15 19:02:56'),('admin','jsuhyzX1pkb2mLJvJ8jRNYMzylU4Mzgz','127.0.0.1','2016-06-15 19:03:09'),('admin','jsuhyzX1pkb2mLJvJ8jRNYMzylU4Mzgz','127.0.0.1','2016-06-15 19:03:45'),('admin','jsuhyzX1pkb2mLJvJ8jRNYMzylU4Mzgz','127.0.0.1','2016-06-15 19:04:14'),('admin','jsuhyzX1pkb2mLJvJ8jRNYMzylU4Mzgz','127.0.0.1','2016-06-15 19:04:16'),('admin','jsuhyzX1pkb2mLJvJ8jRNYMzylU4Mzgz','127.0.0.1','2016-06-15 19:04:19'),('admin','jsuhyzX1pkb2mLJvJ8jRNYMzylU4Mzgz','127.0.0.1','2016-06-15 19:04:21'),('admin','jsuhyzX1pkb2mLJvJ8jRNYMzylU4Mzgz','127.0.0.1','2016-06-15 19:04:29'),('admin','jsuhyzX1pkb2mLJvJ8jRNYMzylU4Mzgz','127.0.0.1','2016-06-15 19:07:35'),('admin','jsuhyzX1pkb2mLJvJ8jRNYMzylU4Mzgz','127.0.0.1','2016-06-15 19:08:25'),('admin','jsuhyzX1pkb2mLJvJ8jRNYMzylU4Mzgz','127.0.0.1','2016-06-15 19:10:32'),('admin','jsuhyzX1pkb2mLJvJ8jRNYMzylU4Mzgz','127.0.0.1','2016-06-15 19:14:09'),('admin','jsuhyzX1pkb2mLJvJ8jRNYMzylU4Mzgz','127.0.0.1','2016-06-15 19:14:27'),('admin','jsuhyzX1pkb2mLJvJ8jRNYMzylU4Mzgz','127.0.0.1','2016-06-15 19:15:35'),('admin','jsuhyzX1pkb2mLJvJ8jRNYMzylU4Mzgz','127.0.0.1','2016-06-15 19:17:44'),('admin','jsuhyzX1pkb2mLJvJ8jRNYMzylU4Mzgz','127.0.0.1','2016-06-15 19:18:13'),('admin','jsuhyzX1pkb2mLJvJ8jRNYMzylU4Mzgz','127.0.0.1','2016-06-15 19:18:56'),('admin','jsuhyzX1pkb2mLJvJ8jRNYMzylU4Mzgz','127.0.0.1','2016-06-15 19:20:10'),('admin','jsuhyzX1pkb2mLJvJ8jRNYMzylU4Mzgz','127.0.0.1','2016-06-15 19:20:54'),('admin','jsuhyzX1pkb2mLJvJ8jRNYMzylU4Mzgz','127.0.0.1','2016-06-15 19:21:25'),('admin','jsuhyzX1pkb2mLJvJ8jRNYMzylU4Mzgz','127.0.0.1','2016-06-15 19:21:27'),('admin','jsuhyzX1pkb2mLJvJ8jRNYMzylU4Mzgz','127.0.0.1','2016-06-15 19:21:28'),('admin','jsuhyzX1pkb2mLJvJ8jRNYMzylU4Mzgz','127.0.0.1','2016-06-15 19:22:18'),('admin','jsuhyzX1pkb2mLJvJ8jRNYMzylU4Mzgz','127.0.0.1','2016-06-15 19:22:22'),('admin','jsuhyzX1pkb2mLJvJ8jRNYMzylU4Mzgz','127.0.0.1','2016-06-15 19:23:05'),('admin','jsuhyzX1pkb2mLJvJ8jRNYMzylU4Mzgz','127.0.0.1','2016-06-15 19:23:26'),('admin','jsuhyzX1pkb2mLJvJ8jRNYMzylU4Mzgz','127.0.0.1','2016-06-15 19:23:27'),('admin','jsuhyzX1pkb2mLJvJ8jRNYMzylU4Mzgz','127.0.0.1','2016-06-15 19:23:27'),('admin','jsuhyzX1pkb2mLJvJ8jRNYMzylU4Mzgz','127.0.0.1','2016-06-15 19:23:28'),('admin','jsuhyzX1pkb2mLJvJ8jRNYMzylU4Mzgz','127.0.0.1','2016-06-15 19:23:28'),('admin','jsuhyzX1pkb2mLJvJ8jRNYMzylU4Mzgz','127.0.0.1','2016-06-15 19:24:11'),('admin','jsuhyzX1pkb2mLJvJ8jRNYMzylU4Mzgz','127.0.0.1','2016-06-15 19:24:58'),('admin','jsuhyzX1pkb2mLJvJ8jRNYMzylU4Mzgz','127.0.0.1','2016-06-15 19:27:09'),('admin','jsuhyzX1pkb2mLJvJ8jRNYMzylU4Mzgz','127.0.0.1','2016-06-15 19:27:10'),('admin','jsuhyzX1pkb2mLJvJ8jRNYMzylU4Mzgz','127.0.0.1','2016-06-15 19:27:10'),('admin','jsuhyzX1pkb2mLJvJ8jRNYMzylU4Mzgz','127.0.0.1','2016-06-15 19:27:11'),('admin','jsuhyzX1pkb2mLJvJ8jRNYMzylU4Mzgz','127.0.0.1','2016-06-15 19:32:01'),('admin','jsuhyzX1pkb2mLJvJ8jRNYMzylU4Mzgz','127.0.0.1','2016-06-15 19:32:34'),('admin','jsuhyzX1pkb2mLJvJ8jRNYMzylU4Mzgz','127.0.0.1','2016-06-15 19:33:34'),('admin','jsuhyzX1pkb2mLJvJ8jRNYMzylU4Mzgz','127.0.0.1','2016-06-15 19:33:44'),('admin','jsuhyzX1pkb2mLJvJ8jRNYMzylU4Mzgz','127.0.0.1','2016-06-15 19:33:45'),('admin','jsuhyzX1pkb2mLJvJ8jRNYMzylU4Mzgz','127.0.0.1','2016-06-15 19:33:45'),('admin','jsuhyzX1pkb2mLJvJ8jRNYMzylU4Mzgz','127.0.0.1','2016-06-15 19:33:46'),('admin','jsuhyzX1pkb2mLJvJ8jRNYMzylU4Mzgz','127.0.0.1','2016-06-15 19:33:47'),('admin','jsuhyzX1pkb2mLJvJ8jRNYMzylU4Mzgz','127.0.0.1','2016-06-15 19:33:47'),('admin','jsuhyzX1pkb2mLJvJ8jRNYMzylU4Mzgz','127.0.0.1','2016-06-15 19:34:17'),('admin','jsuhyzX1pkb2mLJvJ8jRNYMzylU4Mzgz','127.0.0.1','2016-06-15 19:34:42'),('admin','jsuhyzX1pkb2mLJvJ8jRNYMzylU4Mzgz','127.0.0.1','2016-06-15 19:34:47'),('admin','jsuhyzX1pkb2mLJvJ8jRNYMzylU4Mzgz','127.0.0.1','2016-06-15 19:35:04'),('admin','jsuhyzX1pkb2mLJvJ8jRNYMzylU4Mzgz','127.0.0.1','2016-06-15 19:35:20'),('admin','jsuhyzX1pkb2mLJvJ8jRNYMzylU4Mzgz','127.0.0.1','2016-06-15 19:38:21'),('admin','jsuhyzX1pkb2mLJvJ8jRNYMzylU4Mzgz','127.0.0.1','2016-06-15 19:39:05'),('admin','jsuhyzX1pkb2mLJvJ8jRNYMzylU4Mzgz','127.0.0.1','2016-06-15 19:39:08'),('admin','jsuhyzX1pkb2mLJvJ8jRNYMzylU4Mzgz','127.0.0.1','2016-06-15 19:39:11'),('admin','jsuhyzX1pkb2mLJvJ8jRNYMzylU4Mzgz','127.0.0.1','2016-06-15 19:39:47'),('admin','jsuhyzX1pkb2mLJvJ8jRNYMzylU4Mzgz','127.0.0.1','2016-06-15 19:39:51'),('admin','jsuhyzX1pkb2mLJvJ8jRNYMzylU4Mzgz','127.0.0.1','2016-06-15 19:40:22'),('admin','jsuhyzX1pkb2mLJvJ8jRNYMzylU4Mzgz','127.0.0.1','2016-06-15 19:40:28'),('admin','jsuhyzX1pkb2mLJvJ8jRNYMzylU4Mzgz','127.0.0.1','2016-06-15 19:40:41'),('admin','jsuhyzX1pkb2mLJvJ8jRNYMzylU4Mzgz','127.0.0.1','2016-06-15 19:41:01'),('admin','jsuhyzX1pkb2mLJvJ8jRNYMzylU4Mzgz','127.0.0.1','2016-06-15 19:43:32'),('admin','jsuhyzX1pkb2mLJvJ8jRNYMzylU4Mzgz','127.0.0.1','2016-06-15 19:43:33'),('admin','jsuhyzX1pkb2mLJvJ8jRNYMzylU4Mzgz','127.0.0.1','2016-06-15 19:43:34'),('admin','jsuhyzX1pkb2mLJvJ8jRNYMzylU4Mzgz','127.0.0.1','2016-06-15 19:43:34'),('admin','jsuhyzX1pkb2mLJvJ8jRNYMzylU4Mzgz','127.0.0.1','2016-06-15 19:43:34'),('admin','jsuhyzX1pkb2mLJvJ8jRNYMzylU4Mzgz','127.0.0.1','2016-06-15 19:43:59'),('admin','jsuhyzX1pkb2mLJvJ8jRNYMzylU4Mzgz','127.0.0.1','2016-06-15 19:44:42'),('admin','jsuhyzX1pkb2mLJvJ8jRNYMzylU4Mzgz','127.0.0.1','2016-06-15 19:45:06'),('admin','jsuhyzX1pkb2mLJvJ8jRNYMzylU4Mzgz','127.0.0.1','2016-06-15 19:46:03'),('admin','jsuhyzX1pkb2mLJvJ8jRNYMzylU4Mzgz','127.0.0.1','2016-06-15 19:53:07'),('admin','jsuhyzX1pkb2mLJvJ8jRNYMzylU4Mzgz','127.0.0.1','2016-06-15 19:53:31'),('admin','jsuhyzX1pkb2mLJvJ8jRNYMzylU4Mzgz','127.0.0.1','2016-06-15 19:53:56'),('admin','jsuhyzX1pkb2mLJvJ8jRNYMzylU4Mzgz','127.0.0.1','2016-06-15 19:54:01'),('admin','jsuhyzX1pkb2mLJvJ8jRNYMzylU4Mzgz','127.0.0.1','2016-06-15 19:54:46'),('admin','jsuhyzX1pkb2mLJvJ8jRNYMzylU4Mzgz','127.0.0.1','2016-06-15 19:55:05'),('admin','jsuhyzX1pkb2mLJvJ8jRNYMzylU4Mzgz','127.0.0.1','2016-06-15 20:00:14'),('admin','jsuhyzX1pkb2mLJvJ8jRNYMzylU4Mzgz','127.0.0.1','2016-06-15 20:03:41'),('admin','jsuhyzX1pkb2mLJvJ8jRNYMzylU4Mzgz','127.0.0.1','2016-06-15 20:03:58'),('admin','jsuhyzX1pkb2mLJvJ8jRNYMzylU4Mzgz','127.0.0.1','2016-06-15 20:04:19'),('admin','jsuhyzX1pkb2mLJvJ8jRNYMzylU4Mzgz','127.0.0.1','2016-06-15 20:04:39'),('admin','jsuhyzX1pkb2mLJvJ8jRNYMzylU4Mzgz','127.0.0.1','2016-06-15 20:05:31'),('admin','jsuhyzX1pkb2mLJvJ8jRNYMzylU4Mzgz','127.0.0.1','2016-06-15 20:05:50'),('admin','jsuhyzX1pkb2mLJvJ8jRNYMzylU4Mzgz','127.0.0.1','2016-06-15 20:06:30'),('admin','jsuhyzX1pkb2mLJvJ8jRNYMzylU4Mzgz','127.0.0.1','2016-06-15 20:07:11'),('admin','jsuhyzX1pkb2mLJvJ8jRNYMzylU4Mzgz','127.0.0.1','2016-06-15 20:14:52'),('admin','jsuhyzX1pkb2mLJvJ8jRNYMzylU4Mzgz','127.0.0.1','2016-06-15 20:15:10'),('admin','jsuhyzX1pkb2mLJvJ8jRNYMzylU4Mzgz','127.0.0.1','2016-06-15 20:15:32'),('admin','jsuhyzX1pkb2mLJvJ8jRNYMzylU4Mzgz','127.0.0.1','2016-06-15 20:15:47'),('admin','jsuhyzX1pkb2mLJvJ8jRNYMzylU4Mzgz','127.0.0.1','2016-06-15 20:15:56'),('admin','jsuhyzX1pkb2mLJvJ8jRNYMzylU4Mzgz','127.0.0.1','2016-06-15 20:16:21'),('admin','jsuhyzX1pkb2mLJvJ8jRNYMzylU4Mzgz','127.0.0.1','2016-06-15 20:17:24'),('admin','jsuhyzX1pkb2mLJvJ8jRNYMzylU4Mzgz','127.0.0.1','2016-06-15 20:17:52'),('admin','jsuhyzX1pkb2mLJvJ8jRNYMzylU4Mzgz','127.0.0.1','2016-06-15 20:18:19'),('admin','jsuhyzX1pkb2mLJvJ8jRNYMzylU4Mzgz','127.0.0.1','2016-06-15 20:18:31'),('admin','jsuhyzX1pkb2mLJvJ8jRNYMzylU4Mzgz','127.0.0.1','2016-06-15 20:18:42'),('admin','jsuhyzX1pkb2mLJvJ8jRNYMzylU4Mzgz','127.0.0.1','2016-06-15 20:18:47'),('admin','jsuhyzX1pkb2mLJvJ8jRNYMzylU4Mzgz','127.0.0.1','2016-06-15 20:19:04'),('admin','jsuhyzX1pkb2mLJvJ8jRNYMzylU4Mzgz','127.0.0.1','2016-06-15 20:19:09'),('admin','jsuhyzX1pkb2mLJvJ8jRNYMzylU4Mzgz','127.0.0.1','2016-06-15 20:19:16'),('admin','jsuhyzX1pkb2mLJvJ8jRNYMzylU4Mzgz','127.0.0.1','2016-06-15 20:20:15'),('admin','jsuhyzX1pkb2mLJvJ8jRNYMzylU4Mzgz','127.0.0.1','2016-06-15 20:20:55'),('admin','jsuhyzX1pkb2mLJvJ8jRNYMzylU4Mzgz','127.0.0.1','2016-06-15 20:21:32'),('admin','jsuhyzX1pkb2mLJvJ8jRNYMzylU4Mzgz','127.0.0.1','2016-06-15 20:23:27'),('admin','jsuhyzX1pkb2mLJvJ8jRNYMzylU4Mzgz','127.0.0.1','2016-06-15 20:23:42'),('admin','jsuhyzX1pkb2mLJvJ8jRNYMzylU4Mzgz','127.0.0.1','2016-06-15 20:24:38'),('admin','jsuhyzX1pkb2mLJvJ8jRNYMzylU4Mzgz','127.0.0.1','2016-06-15 20:25:08'),('admin','jsuhyzX1pkb2mLJvJ8jRNYMzylU4Mzgz','127.0.0.1','2016-06-15 20:25:21'),('admin','jsuhyzX1pkb2mLJvJ8jRNYMzylU4Mzgz','127.0.0.1','2016-06-15 20:25:33'),('admin','jsuhyzX1pkb2mLJvJ8jRNYMzylU4Mzgz','127.0.0.1','2016-06-15 20:26:52'),('admin','jsuhyzX1pkb2mLJvJ8jRNYMzylU4Mzgz','127.0.0.1','2016-06-15 20:27:03'),('admin','jsuhyzX1pkb2mLJvJ8jRNYMzylU4Mzgz','127.0.0.1','2016-06-15 20:27:16'),('admin','jsuhyzX1pkb2mLJvJ8jRNYMzylU4Mzgz','127.0.0.1','2016-06-15 20:27:44'),('admin','jsuhyzX1pkb2mLJvJ8jRNYMzylU4Mzgz','127.0.0.1','2016-06-15 20:28:19'),('admin','jsuhyzX1pkb2mLJvJ8jRNYMzylU4Mzgz','127.0.0.1','2016-06-15 20:30:51'),('admin','jsuhyzX1pkb2mLJvJ8jRNYMzylU4Mzgz','127.0.0.1','2016-06-15 20:30:52'),('admin','jsuhyzX1pkb2mLJvJ8jRNYMzylU4Mzgz','127.0.0.1','2016-06-15 20:30:56'),('admin','jsuhyzX1pkb2mLJvJ8jRNYMzylU4Mzgz','127.0.0.1','2016-06-15 20:30:57'),('admin','jsuhyzX1pkb2mLJvJ8jRNYMzylU4Mzgz','127.0.0.1','2016-06-15 20:30:58'),('admin','jsuhyzX1pkb2mLJvJ8jRNYMzylU4Mzgz','127.0.0.1','2016-06-15 20:30:59'),('admin','jsuhyzX1pkb2mLJvJ8jRNYMzylU4Mzgz','127.0.0.1','2016-06-15 20:31:00'),('admin','jsuhyzX1pkb2mLJvJ8jRNYMzylU4Mzgz','127.0.0.1','2016-06-15 20:31:07'),('admin','jsuhyzX1pkb2mLJvJ8jRNYMzylU4Mzgz','127.0.0.1','2016-06-15 20:31:20'),('admin','jsuhyzX1pkb2mLJvJ8jRNYMzylU4Mzgz','127.0.0.1','2016-06-15 20:31:38'),('admin','jsuhyzX1pkb2mLJvJ8jRNYMzylU4Mzgz','127.0.0.1','2016-06-15 23:52:16'),('admin','jsuhyzX1pkb2mLJvJ8jRNYMzylU4Mzgz','127.0.0.1','2016-06-15 23:52:18'),('admin','jsuhyzX1pkb2mLJvJ8jRNYMzylU4Mzgz','127.0.0.1','2016-06-15 23:57:39'),('admin','jsuhyzX1pkb2mLJvJ8jRNYMzylU4Mzgz','127.0.0.1','2016-06-15 23:58:35'),('admin','jsuhyzX1pkb2mLJvJ8jRNYMzylU4Mzgz','127.0.0.1','2016-06-15 23:59:18'),('admin','jsuhyzX1pkb2mLJvJ8jRNYMzylU4Mzgz','127.0.0.1','2016-06-15 23:59:24'),('admin','jsuhyzX1pkb2mLJvJ8jRNYMzylU4Mzgz','127.0.0.1','2016-06-15 23:59:56'),('admin','jsuhyzX1pkb2mLJvJ8jRNYMzylU4Mzgz','127.0.0.1','2016-06-15 23:59:57'),('admin','jsuhyzX1pkb2mLJvJ8jRNYMzylU4Mzgz','127.0.0.1','2016-06-16 00:00:13'),('admin','jsuhyzX1pkb2mLJvJ8jRNYMzylU4Mzgz','127.0.0.1','2016-06-16 00:00:34'),('admin','jsuhyzX1pkb2mLJvJ8jRNYMzylU4Mzgz','127.0.0.1','2016-06-16 00:01:01'),('admin','jsuhyzX1pkb2mLJvJ8jRNYMzylU4Mzgz','127.0.0.1','2016-06-16 00:01:03'),('admin','jsuhyzX1pkb2mLJvJ8jRNYMzylU4Mzgz','127.0.0.1','2016-06-16 00:01:44'),('admin','jsuhyzX1pkb2mLJvJ8jRNYMzylU4Mzgz','127.0.0.1','2016-06-16 00:02:09'),('admin','jsuhyzX1pkb2mLJvJ8jRNYMzylU4Mzgz','127.0.0.1','2016-06-16 00:02:11'),('admin','jsuhyzX1pkb2mLJvJ8jRNYMzylU4Mzgz','127.0.0.1','2016-06-16 00:02:11'),('admin','jsuhyzX1pkb2mLJvJ8jRNYMzylU4Mzgz','127.0.0.1','2016-06-16 00:02:11'),('admin','jsuhyzX1pkb2mLJvJ8jRNYMzylU4Mzgz','127.0.0.1','2016-06-16 00:02:35'),('admin','jsuhyzX1pkb2mLJvJ8jRNYMzylU4Mzgz','127.0.0.1','2016-06-16 00:03:34'),('admin','jsuhyzX1pkb2mLJvJ8jRNYMzylU4Mzgz','127.0.0.1','2016-06-16 00:13:06'),('admin','jsuhyzX1pkb2mLJvJ8jRNYMzylU4Mzgz','127.0.0.1','2016-06-16 00:13:21'),('admin','jsuhyzX1pkb2mLJvJ8jRNYMzylU4Mzgz','127.0.0.1','2016-06-16 00:13:59'),('admin','jsuhyzX1pkb2mLJvJ8jRNYMzylU4Mzgz','127.0.0.1','2016-06-16 00:14:59'),('admin','jsuhyzX1pkb2mLJvJ8jRNYMzylU4Mzgz','127.0.0.1','2016-06-16 00:15:31'),('admin','jsuhyzX1pkb2mLJvJ8jRNYMzylU4Mzgz','127.0.0.1','2016-06-16 00:16:32'),('admin','jsuhyzX1pkb2mLJvJ8jRNYMzylU4Mzgz','127.0.0.1','2016-06-16 00:16:55'),('admin','jsuhyzX1pkb2mLJvJ8jRNYMzylU4Mzgz','127.0.0.1','2016-06-16 00:27:24'),('admin','jsuhyzX1pkb2mLJvJ8jRNYMzylU4Mzgz','127.0.0.1','2016-06-16 01:04:21'),('admin','jsuhyzX1pkb2mLJvJ8jRNYMzylU4Mzgz','127.0.0.1','2016-06-16 01:07:17'),('admin','jsuhyzX1pkb2mLJvJ8jRNYMzylU4Mzgz','127.0.0.1','2016-06-16 01:07:26'),('admin','jsuhyzX1pkb2mLJvJ8jRNYMzylU4Mzgz','127.0.0.1','2016-06-16 01:08:14'),('admin','jsuhyzX1pkb2mLJvJ8jRNYMzylU4Mzgz','127.0.0.1','2016-06-16 01:08:30'),('admin','jsuhyzX1pkb2mLJvJ8jRNYMzylU4Mzgz','127.0.0.1','2016-06-16 01:08:49'),('admin','jsuhyzX1pkb2mLJvJ8jRNYMzylU4Mzgz','127.0.0.1','2016-06-16 01:09:53'),('admin','jsuhyzX1pkb2mLJvJ8jRNYMzylU4Mzgz','127.0.0.1','2016-06-16 01:09:59'),('admin','jsuhyzX1pkb2mLJvJ8jRNYMzylU4Mzgz','127.0.0.1','2016-06-16 01:17:43'),('admin','jsuhyzX1pkb2mLJvJ8jRNYMzylU4Mzgz','127.0.0.1','2016-06-16 01:18:28'),('admin','jsuhyzX1pkb2mLJvJ8jRNYMzylU4Mzgz','127.0.0.1','2016-06-16 01:18:28'),('admin','jsuhyzX1pkb2mLJvJ8jRNYMzylU4Mzgz','127.0.0.1','2016-06-16 01:19:39'),('admin','jsuhyzX1pkb2mLJvJ8jRNYMzylU4Mzgz','127.0.0.1','2016-06-16 01:20:24'),('admin','jsuhyzX1pkb2mLJvJ8jRNYMzylU4Mzgz','127.0.0.1','2016-06-16 01:20:29'),('admin','jsuhyzX1pkb2mLJvJ8jRNYMzylU4Mzgz','127.0.0.1','2016-06-16 01:20:50'),('admin','jsuhyzX1pkb2mLJvJ8jRNYMzylU4Mzgz','127.0.0.1','2016-06-16 01:21:15'),('admin','jsuhyzX1pkb2mLJvJ8jRNYMzylU4Mzgz','127.0.0.1','2016-06-16 01:21:58'),('admin','jsuhyzX1pkb2mLJvJ8jRNYMzylU4Mzgz','127.0.0.1','2016-06-16 01:22:12'),('admin','jsuhyzX1pkb2mLJvJ8jRNYMzylU4Mzgz','127.0.0.1','2016-06-16 01:23:16'),('admin','jsuhyzX1pkb2mLJvJ8jRNYMzylU4Mzgz','127.0.0.1','2016-06-16 01:23:18'),('admin','jsuhyzX1pkb2mLJvJ8jRNYMzylU4Mzgz','127.0.0.1','2016-06-16 01:27:23'),('admin','jsuhyzX1pkb2mLJvJ8jRNYMzylU4Mzgz','127.0.0.1','2016-06-16 01:27:38'),('admin','jsuhyzX1pkb2mLJvJ8jRNYMzylU4Mzgz','127.0.0.1','2016-06-16 01:27:54'),('admin','jsuhyzX1pkb2mLJvJ8jRNYMzylU4Mzgz','127.0.0.1','2016-06-16 01:29:09'),('admin','jsuhyzX1pkb2mLJvJ8jRNYMzylU4Mzgz','127.0.0.1','2016-06-16 12:35:16'),('admin','jsuhyzX1pkb2mLJvJ8jRNYMzylU4Mzgz','127.0.0.1','2016-06-16 12:36:12'),('admin','jsuhyzX1pkb2mLJvJ8jRNYMzylU4Mzgz','127.0.0.1','2016-06-16 12:36:40'),('admin','jsuhyzX1pkb2mLJvJ8jRNYMzylU4Mzgz','127.0.0.1','2016-06-16 12:37:19'),('admin','jsuhyzX1pkb2mLJvJ8jRNYMzylU4Mzgz','127.0.0.1','2016-06-16 12:37:52'),('admin','jsuhyzX1pkb2mLJvJ8jRNYMzylU4Mzgz','127.0.0.1','2016-06-16 12:37:59'),('admin','jsuhyzX1pkb2mLJvJ8jRNYMzylU4Mzgz','127.0.0.1','2016-06-16 12:38:03'),('admin','jsuhyzX1pkb2mLJvJ8jRNYMzylU4Mzgz','127.0.0.1','2016-06-16 13:36:23'),('admin','jsuhyzX1pkb2mLJvJ8jRNYMzylU4Mzgz','127.0.0.1','2016-06-16 13:36:31'),('admin','jsuhyzX1pkb2mLJvJ8jRNYMzylU4Mzgz','127.0.0.1','2016-06-16 13:43:06'),('admin','jsuhyzX1pkb2mLJvJ8jRNYMzylU4Mzgz','127.0.0.1','2016-06-16 13:51:22'),('admin','jsuhyzX1pkb2mLJvJ8jRNYMzylU4Mzgz','127.0.0.1','2016-06-16 13:51:37'),('admin','jsuhyzX1pkb2mLJvJ8jRNYMzylU4Mzgz','127.0.0.1','2016-06-16 13:52:44'),('admin','jsuhyzX1pkb2mLJvJ8jRNYMzylU4Mzgz','127.0.0.1','2016-06-16 13:52:56'),('admin','jsuhyzX1pkb2mLJvJ8jRNYMzylU4Mzgz','127.0.0.1','2016-06-16 13:52:57'),('admin','jsuhyzX1pkb2mLJvJ8jRNYMzylU4Mzgz','127.0.0.1','2016-06-16 13:57:05'),('admin','jsuhyzX1pkb2mLJvJ8jRNYMzylU4Mzgz','127.0.0.1','2016-06-16 13:57:15'),('admin','jsuhyzX1pkb2mLJvJ8jRNYMzylU4Mzgz','127.0.0.1','2016-06-16 15:45:58'),('admin','jsuhyzX1pkb2mLJvJ8jRNYMzylU4Mzgz','127.0.0.1','2016-06-16 15:46:19'),('admin','jsuhyzX1pkb2mLJvJ8jRNYMzylU4Mzgz','127.0.0.1','2016-06-16 15:54:40'),('admin','jsuhyzX1pkb2mLJvJ8jRNYMzylU4Mzgz','127.0.0.1','2016-06-16 15:55:59'),('admin','jsuhyzX1pkb2mLJvJ8jRNYMzylU4Mzgz','127.0.0.1','2016-06-16 17:18:09'),('admin','jsuhyzX1pkb2mLJvJ8jRNYMzylU4Mzgz','127.0.0.1','2016-06-16 17:18:11'),('admin','jsuhyzX1pkb2mLJvJ8jRNYMzylU4Mzgz','127.0.0.1','2016-06-16 17:19:34'),('admin','jsuhyzX1pkb2mLJvJ8jRNYMzylU4Mzgz','127.0.0.1','2016-06-16 17:20:11'),('admin','jsuhyzX1pkb2mLJvJ8jRNYMzylU4Mzgz','127.0.0.1','2016-06-16 17:25:31'),('admin','jsuhyzX1pkb2mLJvJ8jRNYMzylU4Mzgz','127.0.0.1','2016-06-16 18:17:24'),('admin','jsuhyzX1pkb2mLJvJ8jRNYMzylU4Mzgz','127.0.0.1','2016-06-16 18:19:56'),('admin','jsuhyzX1pkb2mLJvJ8jRNYMzylU4Mzgz','127.0.0.1','2016-06-16 18:27:13'),('admin','jsuhyzX1pkb2mLJvJ8jRNYMzylU4Mzgz','127.0.0.1','2016-06-16 18:28:22'),('admin','jsuhyzX1pkb2mLJvJ8jRNYMzylU4Mzgz','127.0.0.1','2016-06-16 18:35:26'),('admin','jsuhyzX1pkb2mLJvJ8jRNYMzylU4Mzgz','127.0.0.1','2016-06-16 18:36:35'),('admin','jsuhyzX1pkb2mLJvJ8jRNYMzylU4Mzgz','127.0.0.1','2016-06-16 18:39:59'),('admin','jsuhyzX1pkb2mLJvJ8jRNYMzylU4Mzgz','127.0.0.1','2016-06-16 18:41:18'),('admin','jsuhyzX1pkb2mLJvJ8jRNYMzylU4Mzgz','127.0.0.1','2016-06-16 18:41:47'),('admin','jsuhyzX1pkb2mLJvJ8jRNYMzylU4Mzgz','127.0.0.1','2016-06-16 18:42:25'),('admin','jsuhyzX1pkb2mLJvJ8jRNYMzylU4Mzgz','127.0.0.1','2016-06-16 18:43:20'),('admin','jsuhyzX1pkb2mLJvJ8jRNYMzylU4Mzgz','127.0.0.1','2016-06-16 18:43:25'),('admin','jsuhyzX1pkb2mLJvJ8jRNYMzylU4Mzgz','127.0.0.1','2016-06-16 18:43:59'),('admin','jsuhyzX1pkb2mLJvJ8jRNYMzylU4Mzgz','127.0.0.1','2016-06-16 19:36:09'),('admin','jsuhyzX1pkb2mLJvJ8jRNYMzylU4Mzgz','127.0.0.1','2016-06-16 19:42:49'),('admin','jsuhyzX1pkb2mLJvJ8jRNYMzylU4Mzgz','127.0.0.1','2016-06-16 19:44:32'),('admin','jsuhyzX1pkb2mLJvJ8jRNYMzylU4Mzgz','127.0.0.1','2016-06-16 19:58:02'),('admin','jsuhyzX1pkb2mLJvJ8jRNYMzylU4Mzgz','127.0.0.1','2016-06-16 20:19:31'),('admin','jsuhyzX1pkb2mLJvJ8jRNYMzylU4Mzgz','127.0.0.1','2016-06-16 20:22:54'),('admin','jsuhyzX1pkb2mLJvJ8jRNYMzylU4Mzgz','127.0.0.1','2016-06-16 20:27:28'),('admin','jsuhyzX1pkb2mLJvJ8jRNYMzylU4Mzgz','127.0.0.1','2016-06-16 20:27:38'),('admin','jsuhyzX1pkb2mLJvJ8jRNYMzylU4Mzgz','127.0.0.1','2016-06-16 20:27:57'),('admin','jsuhyzX1pkb2mLJvJ8jRNYMzylU4Mzgz','127.0.0.1','2016-06-17 00:50:41'),('admin','jsuhyzX1pkb2mLJvJ8jRNYMzylU4Mzgz','127.0.0.1','2016-06-17 00:50:49'),('admin','jsuhyzX1pkb2mLJvJ8jRNYMzylU4Mzgz','127.0.0.1','2016-06-17 00:55:50'),('admin','jsuhyzX1pkb2mLJvJ8jRNYMzylU4Mzgz','127.0.0.1','2016-06-17 00:57:38'),('admin','jsuhyzX1pkb2mLJvJ8jRNYMzylU4Mzgz','127.0.0.1','2016-06-17 10:57:11'),('admin','jsuhyzX1pkb2mLJvJ8jRNYMzylU4Mzgz','127.0.0.1','2016-06-17 11:15:34'),('admin','jsuhyzX1pkb2mLJvJ8jRNYMzylU4Mzgz','127.0.0.1','2016-06-17 11:50:38'),('admin','jsuhyzX1pkb2mLJvJ8jRNYMzylU4Mzgz','127.0.0.1','2016-06-17 11:53:16'),('admin','jsuhyzX1pkb2mLJvJ8jRNYMzylU4Mzgz','127.0.0.1','2016-06-17 13:40:43'),('admin','jsuhyzX1pkb2mLJvJ8jRNYMzylU4Mzgz','127.0.0.1','2016-06-17 13:56:33'),('admin','jsuhyzX1pkb2mLJvJ8jRNYMzylU4Mzgz','127.0.0.1','2016-06-17 15:06:04'),('admin','jsuhyzX1pkb2mLJvJ8jRNYMzylU4Mzgz','127.0.0.1','2016-06-17 15:06:45'),('admin','jsuhyzX1pkb2mLJvJ8jRNYMzylU4Mzgz','127.0.0.1','2016-06-17 15:27:52'),('admin','jsuhyzX1pkb2mLJvJ8jRNYMzylU4Mzgz','127.0.0.1','2016-06-17 17:41:04'),('admin','jsuhyzX1pkb2mLJvJ8jRNYMzylU4Mzgz','127.0.0.1','2016-06-17 17:44:43'),('admin','jsuhyzX1pkb2mLJvJ8jRNYMzylU4Mzgz','127.0.0.1','2016-06-17 17:48:01'),('admin','jsuhyzX1pkb2mLJvJ8jRNYMzylU4Mzgz','127.0.0.1','2016-06-18 10:21:00'),('admin','jsuhyzX1pkb2mLJvJ8jRNYMzylU4Mzgz','127.0.0.1','2016-06-18 10:23:47'),('admin','jsuhyzX1pkb2mLJvJ8jRNYMzylU4Mzgz','127.0.0.1','2016-06-18 10:27:44'),('admin','jsuhyzX1pkb2mLJvJ8jRNYMzylU4Mzgz','127.0.0.1','2016-06-18 17:47:52'),('spidermandl','9V9yz1a4PBSH6KDlqO+4LrnpYD9mNjE0','127.0.0.1','2016-06-19 01:03:59'),('spidermandl','94peyvAD0ZvPY+yDHw+iuKTrwuhmNjE0','127.0.0.1','2016-06-19 01:04:12'),('spidermandl','DYjNOR0tVcv0SjyNxas3ZKaFGmNmNjE0','127.0.0.1','2016-06-19 01:04:26'),('orientalstu','b6Y54l8rM914D3tdrnVb9rkQ9jFjYmRm','127.0.0.1','2016-06-19 15:11:43'),('orientalstu','sD4JtgUF53tQhpoRZZfKo57DMBFjYmRm','127.0.0.1','2016-06-19 15:11:49'),('admin','krsGGNs2W/Tvz+ddCm/PtUtlCCI4Mzgz','180.154.204.137','2016-06-22 14:24:20'),('admin','krsGGNs2W/Tvz+ddCm/PtUtlCCI4Mzgz','180.154.204.137','2016-06-22 14:42:57'),('admin','krsGGNs2W/Tvz+ddCm/PtUtlCCI4Mzgz','180.154.204.137','2016-06-22 14:45:07'),('admin','krsGGNs2W/Tvz+ddCm/PtUtlCCI4Mzgz','180.154.204.137','2016-06-22 14:46:55'),('admin','krsGGNs2W/Tvz+ddCm/PtUtlCCI4Mzgz','180.154.204.137','2016-06-22 14:47:11'),('admin','pjLRYCZGxTMElbVzCLHyCUotuw44Mzgz','180.154.204.137','2016-06-22 14:59:00'),('admin','krsGGNs2W/Tvz+ddCm/PtUtlCCI4Mzgz','180.154.204.137','2016-06-22 14:59:13'),('admin','krsGGNs2W/Tvz+ddCm/PtUtlCCI4Mzgz','180.154.204.137','2016-06-22 15:01:54'),('admin','krsGGNs2W/Tvz+ddCm/PtUtlCCI4Mzgz','180.154.204.137','2016-06-22 15:03:32'),('des1','TBWgzdZfhzKRM/adYo1C9T1h990zYzUw','180.154.204.137','2016-06-22 15:04:32'),('admin','krsGGNs2W/Tvz+ddCm/PtUtlCCI4Mzgz','180.154.204.137','2016-06-22 15:11:22'),('orientalstu','suaob3q4AUwbmHW1dMrdaDlVeZtjYmRm','180.154.204.137','2016-06-22 15:11:45'),('orientalstu','dqpXDcgPtkx6iEZRW0eOlgqXRhdjYmRm','180.154.204.137','2016-06-22 15:11:52'),('des1','TBWgzdZfhzKRM/adYo1C9T1h990zYzUw','180.154.204.137','2016-06-22 15:18:54'),('admin','krsGGNs2W/Tvz+ddCm/PtUtlCCI4Mzgz','180.154.204.137','2016-06-22 15:24:59'),('admin','krsGGNs2W/Tvz+ddCm/PtUtlCCI4Mzgz','180.154.204.137','2016-06-22 15:30:31'),('admin','krsGGNs2W/Tvz+ddCm/PtUtlCCI4Mzgz','180.154.204.137','2016-06-22 15:32:24'),('admin','krsGGNs2W/Tvz+ddCm/PtUtlCCI4Mzgz','180.154.204.137','2016-06-22 15:49:53'),('admin','krsGGNs2W/Tvz+ddCm/PtUtlCCI4Mzgz','180.154.204.137','2016-06-22 15:51:15'),('des1','TBWgzdZfhzKRM/adYo1C9T1h990zYzUw','180.154.204.137','2016-06-22 15:51:36'),('des1','TBWgzdZfhzKRM/adYo1C9T1h990zYzUw','180.154.204.137','2016-06-22 15:53:26'),('des1','TBWgzdZfhzKRM/adYo1C9T1h990zYzUw','180.154.204.137','2016-06-22 16:12:31'),('des1','TBWgzdZfhzKRM/adYo1C9T1h990zYzUw','180.154.204.137','2016-06-22 16:17:37'),('des1','TBWgzdZfhzKRM/adYo1C9T1h990zYzUw','180.154.204.137','2016-06-22 16:18:08'),('des1','TBWgzdZfhzKRM/adYo1C9T1h990zYzUw','180.154.204.137','2016-06-22 16:18:41'),('des1','BXKEbshGLRRnu8X/SeV2BjqbWFEzYzUw','180.154.204.137','2016-06-22 16:20:53'),('des1','TBWgzdZfhzKRM/adYo1C9T1h990zYzUw','180.154.204.137','2016-06-22 16:22:39'),('admin','krsGGNs2W/Tvz+ddCm/PtUtlCCI4Mzgz','180.154.204.137','2016-06-22 16:29:35'),('admin','krsGGNs2W/Tvz+ddCm/PtUtlCCI4Mzgz','61.170.137.18','2016-06-24 13:33:38'),('admin','krsGGNs2W/Tvz+ddCm/PtUtlCCI4Mzgz','61.170.137.18','2016-06-24 13:35:18'),('admin','krsGGNs2W/Tvz+ddCm/PtUtlCCI4Mzgz','61.170.137.18','2016-06-24 13:38:56'),('admin','krsGGNs2W/Tvz+ddCm/PtUtlCCI4Mzgz','61.170.137.18','2016-06-24 13:49:27'),('admin','krsGGNs2W/Tvz+ddCm/PtUtlCCI4Mzgz','61.170.137.18','2016-06-24 14:08:26'),('admin','krsGGNs2W/Tvz+ddCm/PtUtlCCI4Mzgz','61.170.137.18','2016-06-24 14:08:31'),('admin','krsGGNs2W/Tvz+ddCm/PtUtlCCI4Mzgz','61.170.137.18','2016-06-24 14:16:53'),('admin','krsGGNs2W/Tvz+ddCm/PtUtlCCI4Mzgz','61.170.137.18','2016-06-24 14:19:32'),('admin','krsGGNs2W/Tvz+ddCm/PtUtlCCI4Mzgz','61.170.137.18','2016-06-24 14:23:58'),('admin','krsGGNs2W/Tvz+ddCm/PtUtlCCI4Mzgz','61.170.137.18','2016-06-24 14:37:03'),('admin','krsGGNs2W/Tvz+ddCm/PtUtlCCI4Mzgz','61.170.137.18','2016-06-24 14:40:27'),('admin','krsGGNs2W/Tvz+ddCm/PtUtlCCI4Mzgz','61.170.137.18','2016-06-24 14:41:09'),('admin','krsGGNs2W/Tvz+ddCm/PtUtlCCI4Mzgz','61.170.137.18','2016-06-24 14:49:02'),('admin','krsGGNs2W/Tvz+ddCm/PtUtlCCI4Mzgz','61.170.137.18','2016-06-24 14:57:14'),('admin','krsGGNs2W/Tvz+ddCm/PtUtlCCI4Mzgz','61.170.137.18','2016-06-24 15:08:31'),('admin','krsGGNs2W/Tvz+ddCm/PtUtlCCI4Mzgz','61.170.137.18','2016-06-24 15:56:36'),('admin','krsGGNs2W/Tvz+ddCm/PtUtlCCI4Mzgz','61.170.137.18','2016-06-24 15:58:03'),('admin','krsGGNs2W/Tvz+ddCm/PtUtlCCI4Mzgz','61.170.137.18','2016-06-24 15:59:47'),('admin','krsGGNs2W/Tvz+ddCm/PtUtlCCI4Mzgz','61.170.137.18','2016-06-24 16:03:34'),('admin','krsGGNs2W/Tvz+ddCm/PtUtlCCI4Mzgz','61.170.137.18','2016-06-24 16:04:17'),('admin','krsGGNs2W/Tvz+ddCm/PtUtlCCI4Mzgz','61.170.137.18','2016-06-24 16:06:40'),('admin','krsGGNs2W/Tvz+ddCm/PtUtlCCI4Mzgz','61.170.137.18','2016-06-24 16:11:31'),('admin','krsGGNs2W/Tvz+ddCm/PtUtlCCI4Mzgz','61.170.137.18','2016-06-24 16:39:05'),('admin','krsGGNs2W/Tvz+ddCm/PtUtlCCI4Mzgz','61.170.137.18','2016-06-24 16:59:38'),('admin','krsGGNs2W/Tvz+ddCm/PtUtlCCI4Mzgz','61.170.137.18','2016-06-24 17:06:18'),('admin','krsGGNs2W/Tvz+ddCm/PtUtlCCI4Mzgz','61.170.137.18','2016-06-24 17:25:19'),('admin','krsGGNs2W/Tvz+ddCm/PtUtlCCI4Mzgz','101.45.212.137','2016-06-26 01:08:37'),('admin','krsGGNs2W/Tvz+ddCm/PtUtlCCI4Mzgz','211.161.245.121','2016-06-28 10:15:54'),('admin','krsGGNs2W/Tvz+ddCm/PtUtlCCI4Mzgz','115.174.238.125','2016-06-29 11:49:09'),('admin','krsGGNs2W/Tvz+ddCm/PtUtlCCI4Mzgz','61.170.137.33','2016-06-30 14:44:39'),('orientalstu','suaob3q4AUwbmHW1dMrdaDlVeZtjYmRm','58.37.160.186','2016-07-02 18:27:18'),('orientalstu','dqpXDcgPtkx6iEZRW0eOlgqXRhdjYmRm','58.37.160.186','2016-07-02 18:27:40'),('orientalstu','sD4JtgUF53tQhpoRZZfKo57DMBFjYmRm','58.37.160.186','2016-07-02 18:27:52'),('admin','krsGGNs2W/Tvz+ddCm/PtUtlCCI4Mzgz','180.173.182.208','2016-07-05 20:29:17'),('admin','krsGGNs2W/Tvz+ddCm/PtUtlCCI4Mzgz','101.95.104.34','2016-07-07 10:47:16'),('admin','krsGGNs2W/Tvz+ddCm/PtUtlCCI4Mzgz','202.120.30.245','2016-07-09 14:52:01'),('orientalstu','sD4JtgUF53tQhpoRZZfKo57DMBFjYmRm','211.161.247.219','2016-07-09 22:03:48');
/*!40000 ALTER TABLE `loginlog` ENABLE KEYS */;
UNLOCK TABLES;

--
-- Table structure for table `mail`
--

DROP TABLE IF EXISTS `mail`;
/*!40101 SET @saved_cs_client     = @@character_set_client */;
/*!40101 SET character_set_client = utf8 */;
CREATE TABLE `mail` (
  `mail_id` int(11) NOT NULL AUTO_INCREMENT,
  `to_user` varchar(48) NOT NULL DEFAULT '',
  `from_user` varchar(48) NOT NULL DEFAULT '',
  `title` varchar(200) NOT NULL DEFAULT '',
  `content` text,
  `new_mail` tinyint(1) NOT NULL DEFAULT '1',
  `reply` tinyint(4) DEFAULT '0',
  `in_date` datetime DEFAULT NULL,
  `defunct` char(1) NOT NULL DEFAULT 'N',
  PRIMARY KEY (`mail_id`),
  KEY `uid` (`to_user`)
) ENGINE=MyISAM AUTO_INCREMENT=1014 DEFAULT CHARSET=utf8;
/*!40101 SET character_set_client = @saved_cs_client */;

--
-- Dumping data for table `mail`
--

LOCK TABLES `mail` WRITE;
/*!40000 ALTER TABLE `mail` DISABLE KEYS */;
INSERT INTO `mail` VALUES (1013,'spidermandl','admin','adfadsfa','asdfasdf',1,0,'2016-06-18 19:33:17','N');
/*!40000 ALTER TABLE `mail` ENABLE KEYS */;
UNLOCK TABLES;

--
-- Table structure for table `news`
--

DROP TABLE IF EXISTS `news`;
/*!40101 SET @saved_cs_client     = @@character_set_client */;
/*!40101 SET character_set_client = utf8 */;
CREATE TABLE `news` (
  `news_id` int(11) NOT NULL AUTO_INCREMENT,
  `user_id` varchar(48) NOT NULL DEFAULT '',
  `title` varchar(200) NOT NULL DEFAULT '',
  `content` text NOT NULL,
  `time` datetime NOT NULL DEFAULT '2016-05-13 19:24:00',
  `importance` tinyint(4) NOT NULL DEFAULT '0',
  `defunct` char(1) NOT NULL DEFAULT 'N',
  PRIMARY KEY (`news_id`)
) ENGINE=MyISAM AUTO_INCREMENT=1004 DEFAULT CHARSET=utf8;
/*!40101 SET character_set_client = @saved_cs_client */;

--
-- Dumping data for table `news`
--

LOCK TABLES `news` WRITE;
/*!40000 ALTER TABLE `news` DISABLE KEYS */;
/*!40000 ALTER TABLE `news` ENABLE KEYS */;
UNLOCK TABLES;

--
-- Table structure for table `online`
--

DROP TABLE IF EXISTS `online`;
/*!40101 SET @saved_cs_client     = @@character_set_client */;
/*!40101 SET character_set_client = utf8 */;
CREATE TABLE `online` (
  `hash` varchar(32) COLLATE utf8_unicode_ci NOT NULL,
  `ip` varchar(20) CHARACTER SET utf8 NOT NULL DEFAULT '',
  `ua` varchar(255) CHARACTER SET utf8 NOT NULL DEFAULT '',
  `refer` varchar(255) COLLATE utf8_unicode_ci DEFAULT NULL,
  `lastmove` int(10) NOT NULL,
  `firsttime` int(10) DEFAULT NULL,
  `uri` varchar(255) COLLATE utf8_unicode_ci DEFAULT NULL,
  PRIMARY KEY (`hash`),
  UNIQUE KEY `hash` (`hash`)
) ENGINE=MEMORY DEFAULT CHARSET=utf8 COLLATE=utf8_unicode_ci;
/*!40101 SET character_set_client = @saved_cs_client */;

--
-- Dumping data for table `online`
--

LOCK TABLES `online` WRITE;
/*!40000 ALTER TABLE `online` DISABLE KEYS */;
/*!40000 ALTER TABLE `online` ENABLE KEYS */;
UNLOCK TABLES;

--
-- Table structure for table `options`
--

DROP TABLE IF EXISTS `options`;
/*!40101 SET @saved_cs_client     = @@character_set_client */;
/*!40101 SET character_set_client = utf8 */;
CREATE TABLE `options` (
  `option_id` int(11) unsigned NOT NULL AUTO_INCREMENT,
  `name` varchar(64) NOT NULL DEFAULT '',
  `desc` varchar(128) NOT NULL DEFAULT '',
  `value` varchar(128) NOT NULL DEFAULT '',
  PRIMARY KEY (`option_id`)
) ENGINE=MyISAM AUTO_INCREMENT=3 DEFAULT CHARSET=utf8;
/*!40101 SET character_set_client = @saved_cs_client */;

--
-- Dumping data for table `options`
--

LOCK TABLES `options` WRITE;
/*!40000 ALTER TABLE `options` DISABLE KEYS */;
INSERT INTO `options` VALUES (2,'ga_code','Google Analytics Code','UA-YOURCODE-1');
/*!40000 ALTER TABLE `options` ENABLE KEYS */;
UNLOCK TABLES;

--
-- Table structure for table `privilege`
--

DROP TABLE IF EXISTS `privilege`;
/*!40101 SET @saved_cs_client     = @@character_set_client */;
/*!40101 SET character_set_client = utf8 */;
CREATE TABLE `privilege` (
  `user_id` char(48) NOT NULL DEFAULT '',
  `rightstr` char(30) NOT NULL DEFAULT '',
  `defunct` char(1) NOT NULL DEFAULT 'N'
) ENGINE=MyISAM DEFAULT CHARSET=utf8;
/*!40101 SET character_set_client = @saved_cs_client */;

--
-- Dumping data for table `privilege`
--

LOCK TABLES `privilege` WRITE;
/*!40000 ALTER TABLE `privilege` DISABLE KEYS */;
INSERT INTO `privilege` VALUES ('admin','administrator','N');
/*!40000 ALTER TABLE `privilege` ENABLE KEYS */;
UNLOCK TABLES;

--
-- Table structure for table `problem`
--

DROP TABLE IF EXISTS `problem`;
/*!40101 SET @saved_cs_client     = @@character_set_client */;
/*!40101 SET character_set_client = utf8 */;
CREATE TABLE `problem` (
  `problem_id` int(11) NOT NULL AUTO_INCREMENT,
  `title` varchar(200) NOT NULL DEFAULT '',
  `description` text,
  `input` text,
  `output` text,
  `sample_input` text,
  `sample_output` text,
  `spj` char(1) NOT NULL DEFAULT '0',
  `hint` text,
  `source` varchar(100) DEFAULT NULL,
  `in_date` datetime DEFAULT NULL,
  `time_limit` int(11) NOT NULL DEFAULT '0',
  `memory_limit` int(11) NOT NULL DEFAULT '0',
  `defunct` char(1) NOT NULL DEFAULT 'N',
  `accepted` int(11) DEFAULT '0',
  `submit` int(11) DEFAULT '0',
  `solved` int(11) DEFAULT '0',
  PRIMARY KEY (`problem_id`)
) ENGINE=MyISAM AUTO_INCREMENT=100020 DEFAULT CHARSET=utf8;
/*!40101 SET character_set_client = @saved_cs_client */;

--
-- Dumping data for table `problem`
--

LOCK TABLES `problem` WRITE;
/*!40000 ALTER TABLE `problem` DISABLE KEYS */;
INSERT INTO `problem` VALUES (1000,'demo test','<p>Calculate a + b.</p>','<p>&nbsp;</p>\n<p class=\"p1\">Two integers a and b, separated by a space. (0&lt;=a,b&lt;=9).</p>','<p>&nbsp;</p>\n<p class=\"p1\">The sum of a and b in the first line.</p>','5 7','12','0','<p class=\"p1\">&nbsp;</p>\n<p class=\"p1\">Your program should always read from stdin(Standard Input), and write to stdout(Standard Output). Solutions to problem 10000 can be as follows:</p>\n<p class=\"p1\">&nbsp;</p>\n<p class=\"p1\">C:</p>\n<p class=\"p1\">#include</p>\n<p class=\"p2\">&nbsp;</p>\n<p class=\"p1\">int main() {</p>\n<p class=\"p1\">&nbsp;&nbsp;&nbsp;&nbsp;int a, b;</p>\n<p class=\"p1\">&nbsp;&nbsp;&nbsp;&nbsp;scanf(\"%d%d\", &amp;a, &amp;b);</p>\n<p class=\"p1\">&nbsp;&nbsp;&nbsp;&nbsp;printf(\"%d\\n\", a + b);</p>\n<p class=\"p1\">&nbsp;&nbsp;&nbsp;&nbsp;return 0;</p>\n<p class=\"p1\">}</p>\n<p class=\"p2\">&nbsp;</p>\n<p class=\"p2\">&nbsp;</p>\n<p class=\"p1\">C++:</p>\n<p class=\"p1\">#include</p>\n<p class=\"p2\">&nbsp;</p>\n<p class=\"p1\">using namespace std;</p>\n<p class=\"p2\">&nbsp;</p>\n<p class=\"p1\">int main() {</p>\n<p class=\"p1\">&nbsp;&nbsp;&nbsp;&nbsp;int a, b;</p>\n<p class=\"p1\">&nbsp;&nbsp;&nbsp;&nbsp;cin &gt;&gt; a &gt;&gt; b;</p>\n<p class=\"p1\">&nbsp;&nbsp;&nbsp;&nbsp;cout &lt;&lt; a + b &lt;&lt; endl;</p>\n<p class=\"p1\">&nbsp;&nbsp;&nbsp;&nbsp;return 0;</p>\n<p class=\"p1\">}</p>\n<p class=\"p2\">&nbsp;</p>\n<p class=\"p2\">&nbsp;</p>\n<p class=\"p1\">Pascal:</p>\n<p class=\"p2\">&nbsp;</p>\n<p class=\"p1\">var</p>\n<p class=\"p1\">&nbsp;&nbsp;&nbsp;&nbsp;a, b: Integer;</p>\n<p class=\"p1\">begin</p>\n<p class=\"p1\">&nbsp;&nbsp;&nbsp;&nbsp;readln(a, b);</p>\n<p class=\"p1\">&nbsp;&nbsp;&nbsp;&nbsp;writeln(a + b);</p>\n<p class=\"p1\">&nbsp;</p>\n<p class=\"p1\">end.</p>','','2016-06-19 15:39:27',1,10,'N',1,2,0),(1001,'isPrime(maxK-minK)','<p>&nbsp; &nbsp; N(0&lt;n&lt;=10000)a[i]maxlongint kkmm(0&lt;k&lt;=n)</p>','<p></p>\n<p>2nk</p>\n<p>n</p>','<p></p>\n<p>m</p>\n<p>\'YES\'(</p>\n<p>m</p>\n<p>&nbsp;</p>\n<p>\'NO\'</p>\n<p>m</p>','5 2\n1 2 3 4 5','YES\n2','0','<p>K:</p>\n<p>1 2 2 2 2 3</p>\n<p>1 3</p>\n<p>2 2</p>\n<p>3 2</p>\n<p>4 2</p>\n<p>5 1</p>\n<p>K</p>\n<p>&nbsp;</p>\n<p></p>\n<p>2,2,NO</p>','','2016-06-30 19:20:25',5,10,'Y',NULL,0,0),(10,'','<p><span style=\"color: #333333; font-family: \'Microsoft YaHei\', \'Hiragino Sans GB\', \'ST Heiti\', \'LiHei Pro Medium\', \'Microsoft Jhenghei\', \'Wenquanyi Micro Hei\', \'WenQuanYi Zen Hei\'; font-size: 13px; line-height: 26px; text-indent: 26px; background-color: rgba(255, 255, 255, 0.65098);\">&ldquo;N &rdquo;N 5 1~5 5 N N j v[j]w[j]k j1...jkv[j1]*w[j1]+..+v[jk]*w[jk].</span></p>','<p style=\"margin: 0px; padding: 0px; border: 0px; font-size: 13px; vertical-align: baseline; text-indent: 2em; line-height: 2em; color: #333333; font-family: \'Microsoft YaHei\', \'Hiragino Sans GB\', \'ST Heiti\', \'LiHei Pro Medium\', \'Microsoft Jhenghei\', \'Wenquanyi Micro Hei\', \'WenQuanYi Zen Hei\'; background-color: rgba(255, 255, 255, 0.65098);\">1 </p>\n<p style=\"margin: 0px; padding: 0px; border: 0px; font-size: 13px; vertical-align: baseline; text-indent: 2em; line-height: 2em; color: #333333; font-family: \'Microsoft YaHei\', \'Hiragino Sans GB\', \'ST Heiti\', \'LiHei Pro Medium\', \'Microsoft Jhenghei\', \'Wenquanyi Micro Hei\', \'WenQuanYi Zen Hei\'; background-color: rgba(255, 255, 255, 0.65098);\">N m</p>\n<p style=\"margin: 0px; padding: 0px; border: 0px; font-size: 13px; vertical-align: baseline; text-indent: 2em; line-height: 2em; color: #333333; font-family: \'Microsoft YaHei\', \'Hiragino Sans GB\', \'ST Heiti\', \'LiHei Pro Medium\', \'Microsoft Jhenghei\', \'Wenquanyi Micro Hei\', \'WenQuanYi Zen Hei\'; background-color: rgba(255, 255, 255, 0.65098);\">N&lt;30000m(&lt;25)</p>\n<p style=\"margin: 0px; padding: 0px; border: 0px; font-size: 13px; vertical-align: baseline; text-indent: 2em; line-height: 2em; color: #333333; font-family: \'Microsoft YaHei\', \'Hiragino Sans GB\', \'ST Heiti\', \'LiHei Pro Medium\', \'Microsoft Jhenghei\', \'Wenquanyi Micro Hei\', \'WenQuanYi Zen Hei\'; background-color: rgba(255, 255, 255, 0.65098);\">2 m+1 j j-1</p>\n<p style=\"margin: 0px; padding: 0px; border: 0px; font-size: 13px; vertical-align: baseline; text-indent: 2em; line-height: 2em; color: #333333; font-family: \'Microsoft YaHei\', \'Hiragino Sans GB\', \'ST Heiti\', \'LiHei Pro Medium\', \'Microsoft Jhenghei\', \'Wenquanyi Micro Hei\', \'WenQuanYi Zen Hei\'; background-color: rgba(255, 255, 255, 0.65098);\">2 </p>\n<p style=\"margin: 0px; padding: 0px; border: 0px; font-size: 13px; vertical-align: baseline; text-indent: 2em; line-height: 2em; color: #333333; font-family: \'Microsoft YaHei\', \'Hiragino Sans GB\', \'ST Heiti\', \'LiHei Pro Medium\', \'Microsoft Jhenghei\', \'Wenquanyi Micro Hei\', \'WenQuanYi Zen Hei\'; background-color: rgba(255, 255, 255, 0.65098);\">v p</p>\n<p style=\"margin: 0px; padding: 0px; border: 0px; font-size: 13px; vertical-align: baseline; text-indent: 2em; line-height: 2em; color: #333333; font-family: \'Microsoft YaHei\', \'Hiragino Sans GB\', \'ST Heiti\', \'LiHei Pro Medium\', \'Microsoft Jhenghei\', \'Wenquanyi Micro Hei\', \'WenQuanYi Zen Hei\'; background-color: rgba(255, 255, 255, 0.65098);\">v v&le;10000p 1~5</p>','<p style=\"margin: 0px; padding: 0px; border: 0px; font-size: 13px; vertical-align: baseline; text-indent: 2em; line-height: 2em; color: #333333; font-family: \'Microsoft YaHei\', \'Hiragino Sans GB\', \'ST Heiti\', \'LiHei Pro Medium\', \'Microsoft Jhenghei\', \'Wenquanyi Micro Hei\', \'WenQuanYi Zen Hei\'; background-color: rgba(255, 255, 255, 0.65098);\"></p>\n<p style=\"margin: 0px; padding: 0px; border: 0px; font-size: 13px; vertical-align: baseline; text-indent: 2em; line-height: 2em; color: #333333; font-family: \'Microsoft YaHei\', \'Hiragino Sans GB\', \'ST Heiti\', \'LiHei Pro Medium\', \'Microsoft Jhenghei\', \'Wenquanyi Micro Hei\', \'WenQuanYi Zen Hei\'; background-color: rgba(255, 255, 255, 0.65098);\">&lt;100000000</p>','1000 5\n800 2\n400 5\n300 5\n400 3\n200 2','3900','0','<p></p>','','2016-06-20 15:54:52',2,10,'Y',NULL,0,0),(1002,'Highest Scholarship','<p></p>\n<p>1) &nbsp; &nbsp; 800080&gt;8011</p>\n<p>&nbsp;</p>\n<p>2) &nbsp; &nbsp; 400085&gt;8580&gt;80</p>\n<p>&nbsp;</p>\n<p>3) &nbsp; &nbsp; 200090&gt;90</p>\n<p>&nbsp;</p>\n<p>4) &nbsp; &nbsp; 100085&gt;85</p>\n<p>&nbsp;</p>\n<p>5) &nbsp; &nbsp; 85080&gt;80</p>\n<p>&nbsp;</p>\n<p>87824850</p>\n<p>&nbsp;</p>\n<p></p>\n<p>&nbsp;</p>\n<p>&nbsp;</p>','<p>&nbsp;N1 &lt;= N &lt;= 100N2001000100YN010010</p>','<p>N</p>','4\nYaoLin 87 82 Y N 0\nChenRuiyi 88 78 N Y 1\nLiXin 92 88 N N 0\nZhangQin 83 87 Y N 1\n','ChenRuiyi\n9000\n28700\n','0','','','2016-06-30 20:10:01',10,100,'Y',NULL,0,0),(1003,'Sea Bright Codes','<p class=\"p1\"><span class=\"s1\">Given N, B, and D: Find a set of N codewords (1 &lt;= N &lt;= 64), each of length B bits (1 &lt;= B &lt;= 8), such that each of the codewords is at least SB&nbsp;distance of D (1 &lt;= D &lt;= 7) away from each of the other codewords. The SB&nbsp;distance between a pair of codewords is the number of binary bits that differ in their binary notation. Consider the two codewords 0x554 and 0x234 and their differences (0x554 means the hexadecimal number with hex digits 5, 5, and 4):</span></p>\n<p class=\"p1\"><span class=\"s1\">0x554 = 0101 0101 0100 0x234 = 0010 0011 0100 Bit differences: xxx xx</span></p>\n<p>&nbsp;</p>\n<p class=\"p1\"><span class=\"s1\">Since five bits were different, the SB&nbsp;distance is 5.</span></p>','<p>&nbsp;</p>\n<p class=\"p1\"><span class=\"s1\">N, B, D on a single line</span></p>','<p>&nbsp;</p>\n<p class=\"p1\"><span class=\"s1\">N codewords, sorted, in decimal, ten per line. In the case of multiple solutions, your program should output the solution which, if interpreted as a base 2^B integer, would have the least value.</span></p>','16 7 3','0 7 25 30 42 45 51 52 75 76 82 85 97 102 120 127','0','<p class=\"p1\"><span class=\"s1\">There are only a few tools we need to solve this problem. First of all, we can use basic techniques to find the Nth bit of a number M: counting the least significant bit as bit 0, the next bit as bit 1, etc., we can find the value of that bit through the expression</span></p>\n<p class=\"p1\"><span class=\"s1\">int Nth_bit = (1 &lt;&lt; N) &amp; M;</span></p>\n<p class=\"p1\"><span class=\"s1\">In other words, we are shifting the number 1 left by N spaces, and then performing a binary AND on the resulting number with our original number, which will leave either a 1 in the Nth bit or a 0. So the first thing we have to do is find out the distance between each pair of numbers within the set of all numbers with B bits (0..2B-1).</span></p>\n<p>&nbsp;</p>\n<p class=\"p1\"><span class=\"s1\">We also know that 0 can be one of the numbers in the set, because if the minimum number in the set were N instead of 0, we could XOR N to each number in the set and they would still be the same distance apart. The limits on the problem are low enough that we can do a DFS(depth first search), and as soon as we hit a solution we can output it and exit.</span></p>','','2016-07-01 01:33:06',5,10,'N',2,2,0),(101,'Summing a Series  ','<p>Sum a given integer series.</p>','<p>&nbsp;</p>\n<p class=\"p1\"><span class=\"s1\">&nbsp;series of positive integers, one per line. Proceed to the end of input.</span></p>','<p><span style=\"font-family: Arial, Helvetica, sans-serif, ;\"><span style=\"font-size: 14px;\">One integer, which is the sum of the input series. Our input guarantees the correct answer will never exceed&nbsp;</span></span><span style=\"font-family: Arial, Helvetica, sans-serif, ; font-size: 14px; background-color: #e8e8ff;\"><span style=\"font-family: Arial, Helvetica, sans-serif, ;\"><span style=\"font-size: 14px;\">2</span></span></span><sup style=\"font-family: Arial, Helvetica, sans-serif, ; background-color: #e8e8ff;\">31</sup><span style=\"font-family: Arial, Helvetica, sans-serif, ; font-size: 14px; background-color: #e8e8ff;\">-1.</span></p>','3\n9\n7','19','0','<p>&nbsp;</p>\n<p class=\"p1\"><span class=\"s1\">How to detect the end of input?</span></p>','','2016-07-01 23:11:00',1,1,'N',1,2,0),(102,'Compass Moving','<p>You are given a tower of n disks, initially stacked in decreasing size on one of three pegs, your objective is to transfer the entire tower to one of the other pegs, moving only one disk at a time and never moving a larger one onto a smaller. &nbsp;</p>\n<p>For example, n = 2:</p>\n<p><a style=\"text-align: -webkit-center; background-color: #e8e8ff;\"><span style=\"background-color: #ffffff; font-size: 14px;\"><span style=\"font-family: Arial, Helvetica, sans-serif, ;\"><img src=\"data/102/102.png\" alt=\"hanoi\" /></span></span></a></p>\n<p>We need 3 moves to perform the task.</p>\n<p>&nbsp;</p>\n<p>Now the question arises: What\'s the best we can do? That is, how many moves are necessary and sufficient to perform the task? &nbsp; Please write a program to find out the minimum number of moves we need to do with n disks in the tower.</p>','<p>One positive integer, n (1 &lt;= n &lt;= 64).</p>','<p>One integer, the minimum number of moves needed.</p>','2','3','0','<p>The answer might be a huge integer which cannot be hold in a 32-bit int variable.</p>','','2016-07-01 23:17:21',5,10,'N',1,1,0),(103,'Prime Test','<p>A prime number (or prime integer, often simply called a \"prime\" for short) is a positive integer p&gt;1 that has no positive integer divisors other than 1 and p itself. &nbsp;For example, the only divisors of 13 are 1 and 13, making 13 a prime number, while the number 24 has divisors 1, 2, 3, 4, 6, 8, 12, and 24 (corresponding to the factorization 24=23*3), making 24 not a prime number. Positive integers other than 1 which are not prime are called composite numbers. &nbsp;Given an integer n, write a program to check whether n is a prime number or not.</p>','<p>One integer, n. (2&lt;=n&lt;=<span style=\"font-family: Arial, Helvetica, sans-serif, ; font-size: 14px; background-color: #e8e8ff;\">2</span><sup style=\"font-family: Arial, Helvetica, sans-serif, ; background-color: #e8e8ff;\">31</sup>&nbsp;-1).</p>','<p>Output \"YES\" if n is a prime number, otherwise \"NO\".</p>','2','YES','0','','','2016-07-01 23:29:40',2,32,'N',1,1,0),(104,'Prime Refactorying','<p><span style=\"font-family: Arial, Helvetica, sans-serif, ;\"><span style=\"font-size: 14px;\">For a given integer, Prime Refactorying is finding which prime numbers you need to multiply together to get the original number, also called prime decomposition. &nbsp; Given a positive integer n&gt;=2, the prime refactorying&nbsp;is written</span></span><br style=\"font-family: Arial, Helvetica, sans-serif, ; font-size: 14px; background-color: #e8e8ff;\" /><br style=\"font-family: Arial, Helvetica, sans-serif, ; font-size: 14px; background-color: #e8e8ff;\" /><em style=\"font-family: Arial, Helvetica, sans-serif, ; font-size: 14px; background-color: #e8e8ff;\">n = p<sub>1</sub><sup>a<sub>1</sub></sup>p<sub>2</sub><sup>a<sub>2</sub></sup>...p<sub>k</sub><sup>a<sub>k</sub></sup></em><br style=\"font-family: Arial, Helvetica, sans-serif, ; font-size: 14px; background-color: #e8e8ff;\" /><br style=\"font-family: Arial, Helvetica, sans-serif, ; font-size: 14px; background-color: #e8e8ff;\" />where the pis are the k prime factors, each of order ai. &nbsp;</p>\n<p>Write a program to factor a given integer n.</p>','<p><span style=\"font-family: Arial, Helvetica, sans-serif, ; font-size: 14px; background-color: #e8e8ff;\">One integer,&nbsp;</span><em style=\"font-family: Arial, Helvetica, sans-serif, ; font-size: 14px; background-color: #e8e8ff;\">n</em><span style=\"font-family: Arial, Helvetica, sans-serif, ; font-size: 14px; background-color: #e8e8ff;\">. (2&lt;=</span><em style=\"font-family: Arial, Helvetica, sans-serif, ; font-size: 14px; background-color: #e8e8ff;\">n</em><span style=\"font-family: Arial, Helvetica, sans-serif, ; font-size: 14px; background-color: #e8e8ff;\">&lt;=2</span><sup style=\"font-family: Arial, Helvetica, sans-serif, ; background-color: #e8e8ff;\">31</sup><span style=\"font-family: Arial, Helvetica, sans-serif, ; font-size: 14px; background-color: #e8e8ff;\">-1).</span></p>','<p><span style=\"font-family: Arial, Helvetica, sans-serif, ;\"><span style=\"font-size: 14px;\">Output the refactorying of n as follows: &nbsp;</span></span></p>\n<p><span style=\"font-family: Arial, Helvetica, sans-serif, ;\"><span style=\"font-size: 14px;\">n=p1(a1)p2(a2)...pk(ak) &nbsp;Where p1&lt;p2&lt;...&lt;pk, and ai denotes the exponent of pi.</span></span><br style=\"font-family: Arial, Helvetica, sans-serif, ; font-size: 14px; background-color: #e8e8ff;\" /><br style=\"font-family: Arial, Helvetica, sans-serif, ; font-size: 14px; background-color: #e8e8ff;\" /><span style=\"font-family: Arial, Helvetica, sans-serif, ; font-size: 14px; background-color: #e8e8ff;\">For example, for&nbsp;</span><em style=\"font-family: Arial, Helvetica, sans-serif, ; font-size: 14px; background-color: #e8e8ff;\">n</em><span style=\"font-family: Arial, Helvetica, sans-serif, ; font-size: 14px; background-color: #e8e8ff;\">&nbsp;= 1500 = 2</span><sup style=\"font-family: Arial, Helvetica, sans-serif, ; background-color: #e8e8ff;\">2</sup><span style=\"font-family: Arial, Helvetica, sans-serif, ; font-size: 14px; background-color: #e8e8ff;\">*3*5</span><sup style=\"font-family: Arial, Helvetica, sans-serif, ; background-color: #e8e8ff;\">3</sup><span style=\"font-family: Arial, Helvetica, sans-serif, ; font-size: 14px; background-color: #e8e8ff;\">, the output should be:</span><br style=\"font-family: Arial, Helvetica, sans-serif, ; font-size: 14px; background-color: #e8e8ff;\" /><br style=\"font-family: Arial, Helvetica, sans-serif, ; font-size: 14px; background-color: #e8e8ff;\" />1500=2(2)3(1)5(3)</p>','15','15=3(1)5(1)','0','','','2016-07-01 23:33:16',0,0,'N',1,1,0),(106,'The last non-zero digit of n!','<p>Given an integer n, please output the last non-zero digit of n! &nbsp;</p>\n<p>For example, 5!=120, the last non-zero digit is 2, for 9!=362880 it is 8.</p>','<p><span style=\"font-family: Arial, Helvetica, sans-serif, ; font-size: 14px; background-color: #e8e8ff;\">One positive integer&nbsp;</span><em style=\"font-family: Arial, Helvetica, sans-serif, ; font-size: 14px; background-color: #e8e8ff;\">n</em><span style=\"font-family: Arial, Helvetica, sans-serif, ; font-size: 14px; background-color: #e8e8ff;\">. (0&lt;</span><em style=\"font-family: Arial, Helvetica, sans-serif, ; font-size: 14px; background-color: #e8e8ff;\">n</em><span style=\"font-family: Arial, Helvetica, sans-serif, ; font-size: 14px; background-color: #e8e8ff;\">&lt;10</span><sup style=\"font-family: Arial, Helvetica, sans-serif, ; background-color: #e8e8ff;\">10001</sup><span style=\"font-family: Arial, Helvetica, sans-serif, ; font-size: 14px; background-color: #e8e8ff;\">)</span></p>','<p>The last non-zero digit of n!</p>','1','1','0','','','2016-07-02 13:55:51',5,64,'N',NULL,0,0),(107,'a^b mod c','<p>The calculation of&nbsp;<em style=\"font-family: Arial, Helvetica, sans-serif, ; font-size: 14px; background-color: rgb(232, 232, 255);\"><strong>a<sup>b</sup>&nbsp;mod c</strong></em>&nbsp;arises in many fields of computer science, this time we brought it to you, can you prove us your talent?</p>','<p>Three integers, a, b, c. (1&lt;=a,b,c&lt;=<span style=\"font-family: Arial, Helvetica, sans-serif, ; font-size: 14px; background-color: #e8e8ff;\">2</span><sup style=\"font-family: Arial, Helvetica, sans-serif, ; background-color: #e8e8ff;\">31</sup>-1)</p>','<p>One integer, the result of&nbsp;<em style=\"font-family: Arial, Helvetica, sans-serif, ; font-size: 14px; background-color: #e8e8ff;\">a</em><sup style=\"font-family: Arial, Helvetica, sans-serif, ; background-color: #e8e8ff;\"><em>b</em></sup>&nbsp;mod c.</p>','3 7 15','12','0','<p>The operator mod is defined as calculating the reminder of a divides b. For example, 5 mod 1 = 0, 5 mod 2 = 1, 5 mod 3 = 2, 5 mod 4 = 1, 5 mod 5 = 0, 5 mod 6 = 5, 5 mod 7 = 5, 5 mod 8 = 5, etc. &nbsp;</p>\n<p>The operator mod has following properties:</p>\n<p>(a + b) mod c = ((a mod c) + b) mod c &nbsp;</p>\n<p>(a - b) mod c = ((a mod c) - b) mod c &nbsp;</p>\n<p>(a * b) mod c = ((a mod c) * b) mod c &nbsp;</p>\n<p>It is obvious that (a + b) mod c = ((a mod c) + (b mod c)) mod c, and etc.</p>','','2016-07-02 14:04:50',1,64,'N',1,1,0),(108,'BCD and SCM','<p>In mathematics, privided N positive integers,there exists maximum integer which can be divided among those integers without remainder,meanwhile,there exists minmum integer which can divide each of those intergers without remainds.</p>\n<p>In this problem, we define the BCD of an integer series as the largest positive integer that divides every number of that series without remainder. And the SCM of an integer series as the smallest positive integer that is a multiple of every number of the series. &nbsp;</p>\n<p>For example, for the following integer series: &nbsp;</p>\n<p>8 16 12 24 &nbsp;</p>\n<p>We have&nbsp;BCD&nbsp;= 4 and&nbsp;SCM&nbsp;= 48. &nbsp;</p>\n<p>You are given an non-negative integer series, please calculate its&nbsp;BCD&nbsp;and&nbsp;SCM.</p>','<p>The input will consist of a number of non-negative integers, one per line. Proceed to the end of input.</p>','<p>Two integers, the series\' BCD and SCM, separated by a single space. Our input guarantees the correct answer will never exceed&nbsp;<span style=\"font-family: Arial, Helvetica, sans-serif, ; font-size: 14px; background-color: #e8e8ff;\">2</span><sup style=\"font-family: Arial, Helvetica, sans-serif, ; background-color: #e8e8ff;\">63</sup>-1.</p>','8 16 12 24','4\n48','0','','','2016-07-02 14:20:52',1,64,'N',1,1,0),(1004,'Ali Baba and the 40 Robbers','<p class=\"p1\"><span class=\"s1\">One day, Alibaba, as usual, drives his three donkeys to the forest to collect woods. After his hard work, finally he gets enough woods. ?He puts the woods on the back of these donkeys and goes home happily. Just after he goes through a high mountain, he sees a cloud of dust. It seems to have a group of people coming. ?He has been warned that there are a lot of thieves around this area recently. So he ties the donkeys to a tree, hiding himself behind a large rock.</span></p>\n<p class=\"p2\">&nbsp;</p>\n<p class=\"p1\"><span class=\"s1\">Just a while, these people come, with the horses fully-loaded. Ali Baba don\'t know what\'s in the bags. However, he is sure that they are not to woods. The group has 40 persons. Ali Baba decides to see what makes them to take so many things to the mountains.</span></p>\n<p class=\"p2\">&nbsp;</p>\n<p class=\"p1\"><span class=\"s1\">The group of people come to a foot of the mountain. Ali Baba follows them there quietly. He knew that once found he would be killed. Though they speak briefly in a low voice, he is fully aware of the fact that this is a group of robbers and the things are stolen. However, why they took things at the foot of this mountain? Ali Baba decides to continue observing.</span></p>\n<p class=\"p2\">&nbsp;</p>\n<p class=\"p1\"><span class=\"s1\">The robber leader go in front of the mountain, says: \"Open, Simsim.\" As a big piece of stone answers and removes. There is a cave.</span></p>\n<p class=\"p2\">&nbsp;</p>\n<p class=\"p1\"><span class=\"s1\">The robbers move the things into the cave and then come out. The robber leader says: \"Close, Simsim.\" and the stone move back. The cave disappeared. Then the group of robbers go back.</span></p>\n<p class=\"p2\">&nbsp;</p>\n<p class=\"p1\"><span class=\"s1\">Ali Baba remember this place and the sentence. Of course, he is very surprised about what has happened.</span></p>\n<p class=\"p2\">&nbsp;</p>\n<p class=\"p1\"><span class=\"s1\">Ali Baba decides to take a look at the hidden treasures. He waits until the the robbers go far away, then come to the front of the cave.</span></p>\n<p class=\"p1\"><span class=\"s1\">He has never done such a thing. The legs has begun shaking up. However, he eventually encourages himself and shouts loudly: \"Open, Simsim.\"</span></p>\n<p class=\"p2\">&nbsp;</p>\n<p class=\"p1\"><span class=\"s1\">the stone removes and exposes a black hole. He goes into cave and is shocked by the scene inside. ?This is a very large cave, which is full of valuable gold, silver, jewelry and jade. He has never seen so many treasures in all his life. ?Ali Baba is a bit afraid of the robbers\' returning. So he runs back to the hole. However, Ali Baba thinks, why not take some back, as he has already here?</span></p>\n<p class=\"p2\"><span class=\"s1\">&nbsp;</span></p>\n<p class=\"p1\"><span class=\"s1\">So he throw away all the woods on the dunkeys in order to fill three large bags with treasures inside, and then out of the cave. \"Close, Simsim.\" Ali Baba says. The stone then block the hole.&nbsp;</span></p>\n<p class=\"p1\"><span class=\"s1\">Ali Baba leads the donkey to the forests, covered the treasure with wood in order to avoid any suspicion of oth</span>ers, and then goes home happily.</p>','<p>Each test data has two positive integer N, K (1&le;K&le;N&le;1000), separate by a space character.</p>\n<p>N is number of all drawers;K is number of breaked drawers.</p>','<p>Output the float number of the answer. Accurate to three digits after decimal point.</p>','3 1','0.333','0','','','2016-07-02 14:57:30',1,64,'N',NULL,0,0),(105,'Round Robin Killing','<p>n men stands in a format of circle under the commander that every <span style=\"font-size: 14px;\">m</span><sup style=\"font-family: Arial, Helvetica, sans-serif, ; background-color: #e8e8ff;\">th&nbsp;</sup>man will be executed going around the circle until only one remains, find the position L(n,m) of the circle&nbsp;where&nbsp;you should stand in order to be the last survivor. &nbsp;</p>\n<p>For example, n = 5 and m = 2, we number everyone from 1 to n based on their positions, and the entire process will be as follows:</p>\n<p><img src=\"/data/105/105.png\" alt=\"Josephus\" /></p>\n<p>In this case we should stand at position 3 thus we can escape from being executed. &nbsp;</p>\n<p>&nbsp;</p>\n<p>Now you are given n and m, your task is to write a program to find the position of the last survivor.</p>','<p>Two integers n and m, separated by a single space. (1 &lt;= n, m &lt;= 1000000).</p>','<p>One integer, the position of the last survivor.</p>','5 2','3','0','','','2016-07-02 03:02:40',1,64,'N',1,1,0),(109,'','<p> <span style=\"font-size: 16px;\">T</span><sup style=\"font-family: &quot;Times New Roman&quot;, Times, serif;\">n&nbsp;</sup>&nbsp;<span style=\"font-family: &quot;Times New Roman&quot;, Times, serif; font-size: 16px;\">&nbsp;0.0 &lt; T &lt; 99.999 0 &lt; n &lt;= 25</span></p>','<p> T nT16n89</p>','<p><span style=\"font-size: 16px;\">T</span><sup style=\"font-family: &quot;Times New Roman&quot;, Times, serif;\">n</sup></p>\n<p>0&lt;<span style=\"font-size: 16px;\">T</span><sup style=\"font-family: &quot;Times New Roman&quot;, Times, serif;\">n</sup>&lt;1,0</p>\n<p>0</p>\n<p>&nbsp;</p>','95.123 12\n0.4321 20\n5.1234 15\n6.7592  9\n98.999 10\n1.0100 12','548815620517731830194541.899025343415715973535967221869852721\n.00000005148554641076956121994511276767154838481760200726351203835429763013462401\n43992025569.928573701266488041146654993318703707511666295476720493953024\n29448126.764121021618164430206909037173276672\n90429072743629540498.107596019456651774561044010001\n1.126825030131969720661201','0','<p><span style=\"font-family: \'Times New Roman\', Times, serif; font-size: 16px;\">:&nbsp;</span><br style=\"font-family: \'Times New Roman\', Times, serif; font-size: 16px;\" /><em style=\"font-family: \'Times New Roman\', Times, serif; font-size: 16px;\">s</em><span style=\"font-family: \'Times New Roman\', Times, serif; font-size: 16px;\">&nbsp;is a string and&nbsp;</span><em style=\"font-family: \'Times New Roman\', Times, serif; font-size: 16px;\">n</em><span style=\"font-family: \'Times New Roman\', Times, serif; font-size: 16px;\">&nbsp;is an integer&nbsp;</span></p>\n<pre style=\"font-size: 16px;\"><strong>C++</strong>\n<br />while(cin&gt;&gt;s&gt;&gt;n)\n<br />{\n<br />...\n<br />}\n<br /><strong>c</strong>\n<br />while(scanf(\"%s%d\",s,&amp;n)==2) //to  see if the scanf read in as many items as you want\n<br />/*while(scanf(%s%d\",s,&amp;n)!=EOF) //this also work    */\n<br />{\n<br />...\n<br />}</pre>','','2016-07-02 16:48:40',5,64,'N',1,1,0),(1005,'Knight Payment','<p>The lord&nbsp;pays his knight in gold coins. On the first day of his service, the knight receives one gold coin. On each of the next two days (the second and third days of service), the knight receives two gold coins. On each of the next three days (the fourth, fifth, and sixth days of service), the knight receives three gold coins. On each of the next four days (the seventh, eighth, ninth, and tenth days of service), the knight receives four gold coins. This pattern of payments will continue indefinitely: after receiving N gold coins on each of N consecutive days, the knight will receive N+1 gold coins on each of the next N+1 consecutive days, where N is any positive integer. &nbsp; Your program will determine the total number of gold coins paid to the knight in any given number of days (starting from Day 1).&nbsp;</p>','<p>The input contains at least one, but no more than 21 lines. Each line of the input file (except the last one) contains data for one test case of the problem, consisting of exactly one integer (in the range 1..10000), representing the number of days. The end of the input is signaled by a line containing the number 0.</p>','<p>There is exactly one line of output for each test case. This line contains the number of days from the corresponding line of input, followed by one blank space and the total number of gold coins paid to the knight in the given number of days, starting with Day 1.</p>','10\n6\n7\n11\n15\n16\n100\n10000\n1000\n21\n22\n0','10 30\n6 14\n7 18\n11 35\n15 55\n16 61\n100 945\n10000 942820\n1000 29820\n21 91\n22 98','0','','','2016-07-03 23:58:20',1,64,'N',1,1,0),(1006,'N','<p>KKNM</p>\n<p>11&lsquo;1&rsquo;11111111136&ldquo;1&rdquo;</p>','<p>NMM10000</p>','<p>N0</p>','1 5 \n1 11 \n1 13','0\n2\n6','0','','','2016-07-06 01:40:44',1,64,'N',1,1,0),(110,'','<p></p>','<p>&ldquo;+&rdquo;&ldquo;*&rdquo;02^31-10~ 9+*12</p>','<p><strong>440</strong></p>','1+1*3+4\n1+1234567890*1\n1+1000000003*1','8\n7891\n4','0','<p>30%0&le;&le;100</p>\n<p>80%0&le;&le;1000</p>\n<p>100%0&le;&le;100000</p>','','2016-07-08 01:37:56',1,64,'N',1,1,0),(1008,' ','<p>&nbsp; &nbsp; &nbsp;&nbsp;50%50%() &nbsp;</p>','<p>NNn (n&lt;=20)n80 &nbsp; 10001~n&hellip; &nbsp;&nbsp;</p>\n<p>&nbsp;</p>','<p> &nbsp;</p>\n<p></p>','1\n3\nJohn Terry\nJane Smith\nMark Hughes\n1 2 3\n2 1 3\n2 3 1\n1 2 3\n3 1 2','John Terry','0','','','2016-07-08 19:38:42',3,64,'N',1,2,0),(1009,'','<p>OJ &ldquo;Accepted&rdquo;, &ldquo;Presentation Error&rdquo; or &ldquo;Wrong Answer&rdquo;. :</p>\n<p>Accepted: </p>\n<p>Presentation Error: &lsquo;15 0&rsquo;&lsquo;150&rsquo;&nbsp;&lsquo;Presentation Error&rsquo; &lsquo;15 0&rsquo;  &lsquo;1 0&rsquo;&lsquo;Wrong Answer&rsquo;</p>\n<p>Wrong Answer:  &lsquo;Wrong Answer&rsquo; </p>','<p>nn&lt;100nnmm&lt;100mm n=0 </p>\n<p> 120 </p>','<p></p>\n<p>Run #x: Accepted</p>\n<p>Run #x: Presentation Error</p>\n<p>Run #x: Wrong Answer</p>\n<p>xx (x1).</p>','2\nThe answer is: 10\nThe answer is: 5\n2\nThe answer is: 10\nThe answer is: 5\n2\nThe answer is: 10\nThe answer is: 5\n2\nThe answer is: 10\nThe answer is: 15\n2\nThe answer is: 10\nThe answer is: 5\n2\nThe answer is: 10\nThe answer is: 5\n3\nInput Set #1: YES\nInput Set #2: NO\nInput Set #3: NO\n3\nInput Set #0: YES\nInput Set #1: NO\nInput Set #2: NO\n1\n1 0 1 0\n1\n1010\n1\nThe judges are mean!\n1\nThe judges are good!\n0','Run #1: Accepted\nRun #2: Wrong Answer\nRun #3: Presentation Error\nRun #4: Wrong Answer\nRun #5: Presentation Error\nRun #6: Presentation Error','0','','','2016-07-09 00:44:45',3,64,'N',1,1,0);
/*!40000 ALTER TABLE `problem` ENABLE KEYS */;
UNLOCK TABLES;

--
-- Table structure for table `reply`
--

DROP TABLE IF EXISTS `reply`;
/*!40101 SET @saved_cs_client     = @@character_set_client */;
/*!40101 SET character_set_client = utf8 */;
CREATE TABLE `reply` (
  `rid` int(11) NOT NULL AUTO_INCREMENT,
  `author_id` varchar(48) NOT NULL,
  `time` datetime NOT NULL DEFAULT '0000-00-00 00:00:00',
  `content` text NOT NULL,
  `topic_id` int(11) NOT NULL,
  `status` int(2) NOT NULL DEFAULT '0',
  `ip` varchar(30) NOT NULL,
  PRIMARY KEY (`rid`),
  KEY `author_id` (`author_id`)
) ENGINE=MyISAM AUTO_INCREMENT=3 DEFAULT CHARSET=utf8;
/*!40101 SET character_set_client = @saved_cs_client */;

--
-- Dumping data for table `reply`
--

LOCK TABLES `reply` WRITE;
/*!40000 ALTER TABLE `reply` DISABLE KEYS */;
INSERT INTO `reply` VALUES (1,'admin','2016-07-09 22:02:23','nothing',1,0,'211.161.247.219');
/*!40000 ALTER TABLE `reply` ENABLE KEYS */;
UNLOCK TABLES;

--
-- Table structure for table `runtimeinfo`
--

DROP TABLE IF EXISTS `runtimeinfo`;
/*!40101 SET @saved_cs_client     = @@character_set_client */;
/*!40101 SET character_set_client = utf8 */;
CREATE TABLE `runtimeinfo` (
  `solution_id` int(11) NOT NULL DEFAULT '0',
  `error` text,
  PRIMARY KEY (`solution_id`)
) ENGINE=MyISAM DEFAULT CHARSET=utf8;
/*!40101 SET character_set_client = @saved_cs_client */;

--
-- Dumping data for table `runtimeinfo`
--

LOCK TABLES `runtimeinfo` WRITE;
/*!40000 ALTER TABLE `runtimeinfo` DISABLE KEYS */;
INSERT INTO `runtimeinfo` VALUES (1001,''),(1003,'========[input11.out]=========\n=======diff out 100 lines=====\n1d0\n< 0 15 51 60 85 90 102 105 150 153 165 170 195 204 240\r\n==============================\n'),(1006,'========[input1.out]=========\n=======diff out 100 lines=====\n1c1\n< 12\n---\n> 45\n==============================\n'),(1016,'Exception in thread \"main\" java.util.NoSuchElementException: No line found\n	at java.util.Scanner.nextLine(Scanner.java:1540)\n	at Main.main(Main.java:32)\n'),(1018,'========[input1.out]=========\n=======diff out 100 lines=====\n3c3\n< Run #3: Presentation Error\n---\n> Run #3: Accepted\n==============================\n');
/*!40000 ALTER TABLE `runtimeinfo` ENABLE KEYS */;
UNLOCK TABLES;

--
-- Table structure for table `sessions`
--

DROP TABLE IF EXISTS `sessions`;
/*!40101 SET @saved_cs_client     = @@character_set_client */;
/*!40101 SET character_set_client = utf8 */;
CREATE TABLE `sessions` (
  `session_id` varchar(24) NOT NULL,
  `last_active` int(10) unsigned NOT NULL,
  `contents` text NOT NULL,
  PRIMARY KEY (`session_id`),
  KEY `last_active` (`last_active`)
) ENGINE=MyISAM DEFAULT CHARSET=utf8;
/*!40101 SET character_set_client = @saved_cs_client */;

--
-- Dumping data for table `sessions`
--

LOCK TABLES `sessions` WRITE;
/*!40000 ALTER TABLE `sessions` DISABLE KEYS */;
INSERT INTO `sessions` VALUES ('57809f11bad676-03711141',1468072996,'YTo0OntzOjY6InZvbHVtZSI7czoxOiIxIjtzOjExOiJsYXN0X2FjdGl2ZSI7aToxNDY4MDcyOTk2O3M6MTE6ImxvZ2luX3RpbWVzIjtpOjE7czo5OiJhdXRoX3VzZXIiO086MTA6Ik1vZGVsX1VzZXIiOjIwOntzOjc6InVzZXJfaWQiO3M6NToiYWRtaW4iO3M6NToiZW1haWwiO3M6MTU6Ijg3NjU0MzIxQHFxLmNvbSI7czo2OiJzdWJtaXQiO3M6MjoiMTciO3M6Njoic29sdmVkIjtzOjI6IjEzIjtzOjc6ImRlZnVuY3QiO3M6MToiTiI7czoyOiJpcCI7czoxNDoiMjAyLjEyMC4zMC4yNDUiO3M6MTA6ImFjY2Vzc3RpbWUiO3M6MTk6IjIwMTYtMDctMDkgMTQ6NTI6MDEiO3M6Njoidm9sdW1lIjtzOjE6IjEiO3M6ODoibGFuZ3VhZ2UiO3M6MToiMyI7czo4OiJwYXNzd29yZCI7czozMjoia3JzR0dOczJXL1R2eitkZENtL1B0VXRsQ0NJNE16Z3oiO3M6ODoicmVnX3RpbWUiO3M6MTk6IjIwMTYtMDYtMTMgMDA6MDc6MTEiO3M6NDoibmljayI7czo1OiJhZG1pbiI7czo2OiJzY2hvb2wiO3M6NDoic3RqdSI7czo2OiJsb2NhbGUiO3M6MjoiZW4iO3M6NToidGhlbWUiO047czoxODoiACoAcGVybWlzc2lvbl9saXN0IjtOO3M6MjQ6IgAqAHJlc29sdmVkX3Byb2JsZW1fbGlzdCI7TjtzOjIyOiIAKgB0cnlpbmdfcHJvYmxlbV9saXN0IjtOO3M6MjI6IgAqAF9udW1iZXJfb2ZfbmV3X21haWwiO047czo2OiIAKgBfZGIiO086MTU6IkRhdGFiYXNlX015U1FMaSI6Njp7czoxNzoiACoAX2Nvbm5lY3Rpb25faWQiO3M6NDA6ImQzZGM3MjFiNWE5MjQ5NThjOGIyMmMxOTBkODk5OTJkOTFjNzc2YTEiO3M6MTQ6IgAqAF9pZGVudGlmaWVyIjtzOjE6ImAiO3M6MTA6Imxhc3RfcXVlcnkiO3M6OTA6IlNFTEVDVCBgc2Vzc2lvbl9pZGAgRlJPTSBgc2Vzc2lvbnNgIFdIRVJFIGBzZXNzaW9uX2lkYCA9ICc1NzgwOWYxMWJhZDY3Ni0wMzcxMTE0MScgTElNSVQgMSI7czoxMjoiACoAX2luc3RhbmNlIjtzOjc6ImRlZmF1bHQiO3M6MTQ6IgAqAF9jb25uZWN0aW9uIjtPOjY6Im15c3FsaSI6MTc6e3M6MTM6ImFmZmVjdGVkX3Jvd3MiO047czoxMToiY2xpZW50X2luZm8iO047czoxNDoiY2xpZW50X3ZlcnNpb24iO047czoxMzoiY29ubmVjdF9lcnJubyI7TjtzOjEzOiJjb25uZWN0X2Vycm9yIjtOO3M6NToiZXJybm8iO047czo1OiJlcnJvciI7TjtzOjExOiJmaWVsZF9jb3VudCI7TjtzOjk6Imhvc3RfaW5mbyI7TjtzOjQ6ImluZm8iO047czo5OiJpbnNlcnRfaWQiO047czoxMToic2VydmVyX2luZm8iO047czoxNDoic2VydmVyX3ZlcnNpb24iO047czo4OiJzcWxzdGF0ZSI7TjtzOjE2OiJwcm90b2NvbF92ZXJzaW9uIjtOO3M6OToidGhyZWFkX2lkIjtOO3M6MTM6Indhcm5pbmdfY291bnQiO047fXM6MTA6IgAqAF9jb25maWciO2E6Njp7czo0OiJ0eXBlIjtzOjY6Ik15U1FMaSI7czoxMDoiY29ubmVjdGlvbiI7YTozOntzOjg6Imhvc3RuYW1lIjtzOjk6IjEyNy4wLjAuMSI7czo4OiJkYXRhYmFzZSI7czo1OiJqdWRnZSI7czoxMDoicGVyc2lzdGVudCI7YjowO31zOjEyOiJ0YWJsZV9wcmVmaXgiO3M6MDoiIjtzOjc6ImNoYXJzZXQiO3M6NDoidXRmOCI7czo3OiJjYWNoaW5nIjtiOjA7czo5OiJwcm9maWxpbmciO2I6MTt9fX19'),('577dc2b4211b25-99537314',1467997379,'YTo0OntzOjExOiJsYXN0X2FjdGl2ZSI7aToxNDY3OTk3Mzc5O3M6MTE6ImxvZ2luX3RpbWVzIjtpOjE7czo5OiJhdXRoX3VzZXIiO086MTA6Ik1vZGVsX1VzZXIiOjIwOntzOjc6InVzZXJfaWQiO3M6NToiYWRtaW4iO3M6NToiZW1haWwiO3M6MTU6Ijg3NjU0MzIxQHFxLmNvbSI7czo2OiJzdWJtaXQiO3M6MjoiMTMiO3M6Njoic29sdmVkIjtzOjI6IjExIjtzOjc6ImRlZnVuY3QiO3M6MToiTiI7czoyOiJpcCI7czoxMzoiMTAxLjk1LjEwNC4zNCI7czoxMDoiYWNjZXNzdGltZSI7czoxOToiMjAxNi0wNy0wNyAxMDo0NzoxNiI7czo2OiJ2b2x1bWUiO3M6MToiMSI7czo4OiJsYW5ndWFnZSI7czoxOiIzIjtzOjg6InBhc3N3b3JkIjtzOjMyOiJrcnNHR05zMlcvVHZ6K2RkQ20vUHRVdGxDQ0k0TXpneiI7czo4OiJyZWdfdGltZSI7czoxOToiMjAxNi0wNi0xMyAwMDowNzoxMSI7czo0OiJuaWNrIjtzOjU6ImFkbWluIjtzOjY6InNjaG9vbCI7czo0OiJzdGp1IjtzOjY6ImxvY2FsZSI7czoyOiJlbiI7czo1OiJ0aGVtZSI7TjtzOjE4OiIAKgBwZXJtaXNzaW9uX2xpc3QiO047czoyNDoiACoAcmVzb2x2ZWRfcHJvYmxlbV9saXN0IjtOO3M6MjI6IgAqAHRyeWluZ19wcm9ibGVtX2xpc3QiO047czoyMjoiACoAX251bWJlcl9vZl9uZXdfbWFpbCI7TjtzOjY6IgAqAF9kYiI7TzoxNToiRGF0YWJhc2VfTXlTUUxpIjo2OntzOjE3OiIAKgBfY29ubmVjdGlvbl9pZCI7czo0MDoiZDNkYzcyMWI1YTkyNDk1OGM4YjIyYzE5MGQ4OTk5MmQ5MWM3NzZhMSI7czoxNDoiACoAX2lkZW50aWZpZXIiO3M6MToiYCI7czoxMDoibGFzdF9xdWVyeSI7czo5MDoiU0VMRUNUIGBzZXNzaW9uX2lkYCBGUk9NIGBzZXNzaW9uc2AgV0hFUkUgYHNlc3Npb25faWRgID0gJzU3N2RjMmI0MjExYjI1LTk5NTM3MzE0JyBMSU1JVCAxIjtzOjEyOiIAKgBfaW5zdGFuY2UiO3M6NzoiZGVmYXVsdCI7czoxNDoiACoAX2Nvbm5lY3Rpb24iO086NjoibXlzcWxpIjoxNzp7czoxMzoiYWZmZWN0ZWRfcm93cyI7TjtzOjExOiJjbGllbnRfaW5mbyI7TjtzOjE0OiJjbGllbnRfdmVyc2lvbiI7TjtzOjEzOiJjb25uZWN0X2Vycm5vIjtOO3M6MTM6ImNvbm5lY3RfZXJyb3IiO047czo1OiJlcnJubyI7TjtzOjU6ImVycm9yIjtOO3M6MTE6ImZpZWxkX2NvdW50IjtOO3M6OToiaG9zdF9pbmZvIjtOO3M6NDoiaW5mbyI7TjtzOjk6Imluc2VydF9pZCI7TjtzOjExOiJzZXJ2ZXJfaW5mbyI7TjtzOjE0OiJzZXJ2ZXJfdmVyc2lvbiI7TjtzOjg6InNxbHN0YXRlIjtOO3M6MTY6InByb3RvY29sX3ZlcnNpb24iO047czo5OiJ0aHJlYWRfaWQiO047czoxMzoid2FybmluZ19jb3VudCI7Tjt9czoxMDoiACoAX2NvbmZpZyI7YTo2OntzOjQ6InR5cGUiO3M6NjoiTXlTUUxpIjtzOjEwOiJjb25uZWN0aW9uIjthOjM6e3M6ODoiaG9zdG5hbWUiO3M6OToiMTI3LjAuMC4xIjtzOjg6ImRhdGFiYXNlIjtzOjU6Imp1ZGdlIjtzOjEwOiJwZXJzaXN0ZW50IjtiOjA7fXM6MTI6InRhYmxlX3ByZWZpeCI7czowOiIiO3M6NzoiY2hhcnNldCI7czo0OiJ1dGY4IjtzOjc6ImNhY2hpbmciO2I6MDtzOjk6InByb2ZpbGluZyI7YjoxO319fXM6Njoidm9sdW1lIjtzOjE6IjEiO30='),('57793baf1f0c62-72356411',1467562927,'YToxOntzOjExOiJsYXN0X2FjdGl2ZSI7aToxNDY3NTYyOTI3O30='),('57793bc5cac2b1-41682475',1467562949,'YToyOntzOjY6InZvbHVtZSI7aToxO3M6MTE6Imxhc3RfYWN0aXZlIjtpOjE0Njc1NjI5NDk7fQ=='),('57793bc5caed24-74584064',1467562949,'YToyOntzOjY6InZvbHVtZSI7aToxO3M6MTE6Imxhc3RfYWN0aXZlIjtpOjE0Njc1NjI5NDk7fQ=='),('57793bc5ca6094-88520132',1467562949,'YToyOntzOjY6InZvbHVtZSI7aToxO3M6MTE6Imxhc3RfYWN0aXZlIjtpOjE0Njc1NjI5NDk7fQ=='),('57793bc788dac0-89985175',1467562977,'YToyOntzOjY6InZvbHVtZSI7aToxO3M6MTE6Imxhc3RfYWN0aXZlIjtpOjE0Njc1NjI5Nzc7fQ=='),('57793fb0716453-20594236',1467563952,'YToxOntzOjExOiJsYXN0X2FjdGl2ZSI7aToxNDY3NTYzOTUyO30='),('5779a6634b1613-85072867',1467590243,'YToxOntzOjExOiJsYXN0X2FjdGl2ZSI7aToxNDY3NTkwMjQzO30='),('5779a6634acb31-93245651',1467590243,'YToxOntzOjExOiJsYXN0X2FjdGl2ZSI7aToxNDY3NTkwMjQzO30='),('5779a6635b6598-71733099',1467590243,'YToxOntzOjExOiJsYXN0X2FjdGl2ZSI7aToxNDY3NTkwMjQzO30='),('5779a6635f3fd7-41541139',1467590243,'YToxOntzOjExOiJsYXN0X2FjdGl2ZSI7aToxNDY3NTkwMjQzO30='),('5779a664302530-39802178',1467590244,'YToxOntzOjExOiJsYXN0X2FjdGl2ZSI7aToxNDY3NTkwMjQ0O30='),('5779a6643a6107-53708673',1467590244,'YToxOntzOjExOiJsYXN0X2FjdGl2ZSI7aToxNDY3NTkwMjQ0O30='),('5779a665564c70-05618268',1467590245,'YToxOntzOjExOiJsYXN0X2FjdGl2ZSI7aToxNDY3NTkwMjQ1O30='),('5779a666180353-26685809',1467590246,'YToxOntzOjExOiJsYXN0X2FjdGl2ZSI7aToxNDY3NTkwMjQ2O30='),('5779a668d345a0-55317986',1467590248,'YToxOntzOjExOiJsYXN0X2FjdGl2ZSI7aToxNDY3NTkwMjQ4O30='),('5779a6697c6436-37685174',1467590249,'YToxOntzOjExOiJsYXN0X2FjdGl2ZSI7aToxNDY3NTkwMjQ5O30='),('5779a66b7e0612-04139987',1467590251,'YToxOntzOjExOiJsYXN0X2FjdGl2ZSI7aToxNDY3NTkwMjUxO30='),('5779cbdde64b47-20143421',1467599855,'YToyOntzOjExOiJsYXN0X2FjdGl2ZSI7aToxNDY3NTk5ODU1O3M6Njoidm9sdW1lIjtpOjE7fQ=='),('577b40a5d63b47-43578242',1467695313,'YToyOntzOjExOiJsYXN0X2FjdGl2ZSI7aToxNDY3Njk1MzEzO3M6Njoidm9sdW1lIjtpOjE7fQ=='),('577ba81d62a932-59866879',1467740447,'YTo0OntzOjExOiJsYXN0X2FjdGl2ZSI7aToxNDY3NzQwNDQ3O3M6Njoidm9sdW1lIjtpOjE7czoxMToibG9naW5fdGltZXMiO2k6MTtzOjk6ImF1dGhfdXNlciI7TzoxMDoiTW9kZWxfVXNlciI6MjA6e3M6NzoidXNlcl9pZCI7czo1OiJhZG1pbiI7czo1OiJlbWFpbCI7czoxNToiODc2NTQzMjFAcXEuY29tIjtzOjY6InN1Ym1pdCI7czoyOiIxMyI7czo2OiJzb2x2ZWQiO3M6MjoiMTEiO3M6NzoiZGVmdW5jdCI7czoxOiJOIjtzOjI6ImlwIjtzOjE1OiIxODAuMTczLjE4Mi4yMDgiO3M6MTA6ImFjY2Vzc3RpbWUiO3M6MTk6IjIwMTYtMDctMDUgMjA6Mjk6MTciO3M6Njoidm9sdW1lIjtzOjE6IjEiO3M6ODoibGFuZ3VhZ2UiO3M6MToiMyI7czo4OiJwYXNzd29yZCI7czozMjoia3JzR0dOczJXL1R2eitkZENtL1B0VXRsQ0NJNE16Z3oiO3M6ODoicmVnX3RpbWUiO3M6MTk6IjIwMTYtMDYtMTMgMDA6MDc6MTEiO3M6NDoibmljayI7czo1OiJhZG1pbiI7czo2OiJzY2hvb2wiO3M6NDoic3RqdSI7czo2OiJsb2NhbGUiO3M6MjoiZW4iO3M6NToidGhlbWUiO047czoxODoiACoAcGVybWlzc2lvbl9saXN0IjtOO3M6MjQ6IgAqAHJlc29sdmVkX3Byb2JsZW1fbGlzdCI7TjtzOjIyOiIAKgB0cnlpbmdfcHJvYmxlbV9saXN0IjtOO3M6MjI6IgAqAF9udW1iZXJfb2ZfbmV3X21haWwiO047czo2OiIAKgBfZGIiO086MTU6IkRhdGFiYXNlX015U1FMaSI6Njp7czoxNzoiACoAX2Nvbm5lY3Rpb25faWQiO3M6NDA6ImQzZGM3MjFiNWE5MjQ5NThjOGIyMmMxOTBkODk5OTJkOTFjNzc2YTEiO3M6MTQ6IgAqAF9pZGVudGlmaWVyIjtzOjE6ImAiO3M6MTA6Imxhc3RfcXVlcnkiO3M6OTA6IlNFTEVDVCBgc2Vzc2lvbl9pZGAgRlJPTSBgc2Vzc2lvbnNgIFdIRVJFIGBzZXNzaW9uX2lkYCA9ICc1NzdiYTgxZDYyYTkzMi01OTg2Njg3OScgTElNSVQgMSI7czoxMjoiACoAX2luc3RhbmNlIjtzOjc6ImRlZmF1bHQiO3M6MTQ6IgAqAF9jb25uZWN0aW9uIjtPOjY6Im15c3FsaSI6MTc6e3M6MTM6ImFmZmVjdGVkX3Jvd3MiO047czoxMToiY2xpZW50X2luZm8iO047czoxNDoiY2xpZW50X3ZlcnNpb24iO047czoxMzoiY29ubmVjdF9lcnJubyI7TjtzOjEzOiJjb25uZWN0X2Vycm9yIjtOO3M6NToiZXJybm8iO047czo1OiJlcnJvciI7TjtzOjExOiJmaWVsZF9jb3VudCI7TjtzOjk6Imhvc3RfaW5mbyI7TjtzOjQ6ImluZm8iO047czo5OiJpbnNlcnRfaWQiO047czoxMToic2VydmVyX2luZm8iO047czoxNDoic2VydmVyX3ZlcnNpb24iO047czo4OiJzcWxzdGF0ZSI7TjtzOjE2OiJwcm90b2NvbF92ZXJzaW9uIjtOO3M6OToidGhyZWFkX2lkIjtOO3M6MTM6Indhcm5pbmdfY291bnQiO047fXM6MTA6IgAqAF9jb25maWciO2E6Njp7czo0OiJ0eXBlIjtzOjY6Ik15U1FMaSI7czoxMDoiY29ubmVjdGlvbiI7YTozOntzOjg6Imhvc3RuYW1lIjtzOjk6IjEyNy4wLjAuMSI7czo4OiJkYXRhYmFzZSI7czo1OiJqdWRnZSI7czoxMDoicGVyc2lzdGVudCI7YjowO31zOjEyOiJ0YWJsZV9wcmVmaXgiO3M6MDoiIjtzOjc6ImNoYXJzZXQiO3M6NDoidXRmOCI7czo3OiJjYWNoaW5nIjtiOjA7czo5OiJwcm9maWxpbmciO2I6MTt9fX19'),('5774bfd71ce1d8-81741006',1467565018,'YTo0OntzOjExOiJsYXN0X2FjdGl2ZSI7aToxNDY3NTY1MDE4O3M6MTE6ImxvZ2luX3RpbWVzIjtpOjE7czo5OiJhdXRoX3VzZXIiO086MTA6Ik1vZGVsX1VzZXIiOjIwOntzOjc6InVzZXJfaWQiO3M6NToiYWRtaW4iO3M6NToiZW1haWwiO3M6MTU6Ijg3NjU0MzIxQHFxLmNvbSI7czo2OiJzdWJtaXQiO3M6MToiMSI7czo2OiJzb2x2ZWQiO3M6MToiMSI7czo3OiJkZWZ1bmN0IjtzOjE6Ik4iO3M6MjoiaXAiO3M6MTM6IjYxLjE3MC4xMzcuMzMiO3M6MTA6ImFjY2Vzc3RpbWUiO3M6MTk6IjIwMTYtMDYtMzAgMTQ6NDQ6MzkiO3M6Njoidm9sdW1lIjtzOjE6IjEiO3M6ODoibGFuZ3VhZ2UiO3M6MToiMCI7czo4OiJwYXNzd29yZCI7czozMjoia3JzR0dOczJXL1R2eitkZENtL1B0VXRsQ0NJNE16Z3oiO3M6ODoicmVnX3RpbWUiO3M6MTk6IjIwMTYtMDYtMTMgMDA6MDc6MTEiO3M6NDoibmljayI7czo1OiJhZG1pbiI7czo2OiJzY2hvb2wiO3M6NDoic3RqdSI7czo2OiJsb2NhbGUiO3M6MjoiZW4iO3M6NToidGhlbWUiO047czoxODoiACoAcGVybWlzc2lvbl9saXN0IjtOO3M6MjQ6IgAqAHJlc29sdmVkX3Byb2JsZW1fbGlzdCI7TjtzOjIyOiIAKgB0cnlpbmdfcHJvYmxlbV9saXN0IjtOO3M6MjI6IgAqAF9udW1iZXJfb2ZfbmV3X21haWwiO047czo2OiIAKgBfZGIiO086MTU6IkRhdGFiYXNlX015U1FMaSI6Njp7czoxNzoiACoAX2Nvbm5lY3Rpb25faWQiO3M6NDA6ImQzZGM3MjFiNWE5MjQ5NThjOGIyMmMxOTBkODk5OTJkOTFjNzc2YTEiO3M6MTQ6IgAqAF9pZGVudGlmaWVyIjtzOjE6ImAiO3M6MTA6Imxhc3RfcXVlcnkiO3M6OTA6IlNFTEVDVCBgc2Vzc2lvbl9pZGAgRlJPTSBgc2Vzc2lvbnNgIFdIRVJFIGBzZXNzaW9uX2lkYCA9ICc1Nzc0YmZkNzFjZTFkOC04MTc0MTAwNicgTElNSVQgMSI7czoxMjoiACoAX2luc3RhbmNlIjtzOjc6ImRlZmF1bHQiO3M6MTQ6IgAqAF9jb25uZWN0aW9uIjtPOjY6Im15c3FsaSI6MTc6e3M6MTM6ImFmZmVjdGVkX3Jvd3MiO047czoxMToiY2xpZW50X2luZm8iO047czoxNDoiY2xpZW50X3ZlcnNpb24iO047czoxMzoiY29ubmVjdF9lcnJubyI7TjtzOjEzOiJjb25uZWN0X2Vycm9yIjtOO3M6NToiZXJybm8iO047czo1OiJlcnJvciI7TjtzOjExOiJmaWVsZF9jb3VudCI7TjtzOjk6Imhvc3RfaW5mbyI7TjtzOjQ6ImluZm8iO047czo5OiJpbnNlcnRfaWQiO047czoxMToic2VydmVyX2luZm8iO047czoxNDoic2VydmVyX3ZlcnNpb24iO047czo4OiJzcWxzdGF0ZSI7TjtzOjE2OiJwcm90b2NvbF92ZXJzaW9uIjtOO3M6OToidGhyZWFkX2lkIjtOO3M6MTM6Indhcm5pbmdfY291bnQiO047fXM6MTA6IgAqAF9jb25maWciO2E6Njp7czo0OiJ0eXBlIjtzOjY6Ik15U1FMaSI7czoxMDoiY29ubmVjdGlvbiI7YTozOntzOjg6Imhvc3RuYW1lIjtzOjk6IjEyNy4wLjAuMSI7czo4OiJkYXRhYmFzZSI7czo1OiJqdWRnZSI7czoxMDoicGVyc2lzdGVudCI7YjowO31zOjEyOiJ0YWJsZV9wcmVmaXgiO3M6MDoiIjtzOjc6ImNoYXJzZXQiO3M6NDoidXRmOCI7czo3OiJjYWNoaW5nIjtiOjA7czo5OiJwcm9maWxpbmciO2I6MTt9fX1zOjY6InZvbHVtZSI7czoxOiIxIjt9'),('57793bc79c1969-48272849',1467562951,'YToyOntzOjY6InZvbHVtZSI7aToxO3M6MTE6Imxhc3RfYWN0aXZlIjtpOjE0Njc1NjI5NTE7fQ=='),('57793bc79c3412-75202467',1467562951,'YToyOntzOjY6InZvbHVtZSI7aToxO3M6MTE6Imxhc3RfYWN0aXZlIjtpOjE0Njc1NjI5NTE7fQ=='),('57793bcf687e17-41782042',1467562959,'YToxOntzOjExOiJsYXN0X2FjdGl2ZSI7aToxNDY3NTYyOTU5O30='),('57793bcf6d64b2-76908961',1467562959,'YToxOntzOjExOiJsYXN0X2FjdGl2ZSI7aToxNDY3NTYyOTU5O30='),('57793bd1128799-07989064',1467562961,'YToxOntzOjExOiJsYXN0X2FjdGl2ZSI7aToxNDY3NTYyOTYxO30='),('57793bd1131a66-66119406',1467562961,'YToxOntzOjExOiJsYXN0X2FjdGl2ZSI7aToxNDY3NTYyOTYxO30='),('57793be15ce517-74526232',1467562977,'YToxOntzOjExOiJsYXN0X2FjdGl2ZSI7aToxNDY3NTYyOTc3O30='),('57793be15d0460-48073585',1467562977,'YToxOntzOjExOiJsYXN0X2FjdGl2ZSI7aToxNDY3NTYyOTc3O30='),('57793be4cea676-20966609',1467563919,'YToyOntzOjY6InZvbHVtZSI7aToxO3M6MTE6Imxhc3RfYWN0aXZlIjtpOjE0Njc1NjM5MTk7fQ=='),('57793be683e983-53336822',1467562982,'YToyOntzOjY6InZvbHVtZSI7aToxO3M6MTE6Imxhc3RfYWN0aXZlIjtpOjE0Njc1NjI5ODI7fQ=='),('57793be6838a05-74090722',1467562982,'YToyOntzOjY6InZvbHVtZSI7aToxO3M6MTE6Imxhc3RfYWN0aXZlIjtpOjE0Njc1NjI5ODI7fQ=='),('57793be82f9795-06325008',1467562984,'YToxOntzOjExOiJsYXN0X2FjdGl2ZSI7aToxNDY3NTYyOTg0O30='),('57793be83209a2-15189521',1467562984,'YToxOntzOjExOiJsYXN0X2FjdGl2ZSI7aToxNDY3NTYyOTg0O30='),('57793be9caf829-09362782',1467562985,'YToxOntzOjExOiJsYXN0X2FjdGl2ZSI7aToxNDY3NTYyOTg1O30='),('57793c00d85939-10432875',1467563008,'YToyOntzOjY6InZvbHVtZSI7aToxO3M6MTE6Imxhc3RfYWN0aXZlIjtpOjE0Njc1NjMwMDg7fQ=='),('57793f8fafb2d8-66744322',1467563919,'YToxOntzOjExOiJsYXN0X2FjdGl2ZSI7aToxNDY3NTYzOTE5O30='),('57793f90dfbf73-08064733',1467563920,'YToxOntzOjExOiJsYXN0X2FjdGl2ZSI7aToxNDY3NTYzOTIwO30='),('57793faa6b9a79-02999741',1467563946,'YToxOntzOjExOiJsYXN0X2FjdGl2ZSI7aToxNDY3NTYzOTQ2O30='),('57793fb056c2c6-47665235',1467563952,'YToxOntzOjExOiJsYXN0X2FjdGl2ZSI7aToxNDY3NTYzOTUyO30='),('57793fb06884f9-14172170',1467563952,'YToxOntzOjExOiJsYXN0X2FjdGl2ZSI7aToxNDY3NTYzOTUyO30='),('57792110bd1828-60331289',1467556112,'YToyOntzOjY6InZvbHVtZSI7aToxO3M6MTE6Imxhc3RfYWN0aXZlIjtpOjE0Njc1NTYxMTI7fQ=='),('57793b0fd22d26-26119212',1467562767,'YToxOntzOjExOiJsYXN0X2FjdGl2ZSI7aToxNDY3NTYyNzY3O30='),('57793b0fdb47e3-13399878',1467562767,'YToxOntzOjExOiJsYXN0X2FjdGl2ZSI7aToxNDY3NTYyNzY3O30='),('57793b11b3a2f8-59867158',1467562927,'YToxOntzOjExOiJsYXN0X2FjdGl2ZSI7aToxNDY3NTYyOTI3O30='),('57793b11bb9ba6-30998543',1467562769,'YToxOntzOjExOiJsYXN0X2FjdGl2ZSI7aToxNDY3NTYyNzY5O30='),('57793b11c40d25-30861213',1467562769,'YToxOntzOjExOiJsYXN0X2FjdGl2ZSI7aToxNDY3NTYyNzY5O30='),('57793b2a67b016-62461497',1467564413,'YToxOntzOjExOiJsYXN0X2FjdGl2ZSI7aToxNDY3NTY0NDEzO30='),('57793b79d6dbd6-60297286',1467564952,'YToxOntzOjExOiJsYXN0X2FjdGl2ZSI7aToxNDY3NTY0OTUyO30='),('57793b9e7c3827-41494485',1467562910,'YToxOntzOjExOiJsYXN0X2FjdGl2ZSI7aToxNDY3NTYyOTEwO30='),('57793baf1f7ab0-33953890',1467562927,'YToxOntzOjExOiJsYXN0X2FjdGl2ZSI7aToxNDY3NTYyOTI3O30='),('57810435193a23-73707914',1468073013,'YToyOntzOjY6InZvbHVtZSI7aToxO3M6MTE6Imxhc3RfYWN0aXZlIjtpOjE0NjgwNzMwMTM7fQ=='),('57810436528209-43247785',1468073014,'YToyOntzOjY6InZvbHVtZSI7aToxO3M6MTE6Imxhc3RfYWN0aXZlIjtpOjE0NjgwNzMwMTQ7fQ=='),('5781044495dd93-37657947',1468073036,'YTozOntzOjExOiJsYXN0X2FjdGl2ZSI7aToxNDY4MDczMDM2O3M6MTE6ImxvZ2luX3RpbWVzIjtpOjE7czo5OiJhdXRoX3VzZXIiO086MTA6Ik1vZGVsX1VzZXIiOjIwOntzOjc6InVzZXJfaWQiO3M6MTE6Im9yaWVudGFsc3R1IjtzOjU6ImVtYWlsIjtzOjE1OiIxMjM0NTY3OEBxcS5jb20iO3M6Njoic3VibWl0IjtzOjE6IjEiO3M6Njoic29sdmVkIjtzOjE6IjAiO3M6NzoiZGVmdW5jdCI7czoxOiJOIjtzOjI6ImlwIjtzOjE1OiIyMTEuMTYxLjI0Ny4yMTkiO3M6MTA6ImFjY2Vzc3RpbWUiO3M6MTk6IjIwMTYtMDctMDkgMjI6MDM6NDgiO3M6Njoidm9sdW1lIjtzOjE6IjEiO3M6ODoibGFuZ3VhZ2UiO3M6MToiMCI7czo4OiJwYXNzd29yZCI7czozMjoic0Q0SnRnVUY1M3RRaHBvUlpaZktvNTdETUJGalltUm0iO3M6ODoicmVnX3RpbWUiO3M6MTk6IjIwMTYtMDYtMTIgMjI6MzE6MjUiO3M6NDoibmljayI7czo3OiJkZXNtb25kIjtzOjY6InNjaG9vbCI7czoyOiJ0aiI7czo2OiJsb2NhbGUiO3M6MjoiZW4iO3M6NToidGhlbWUiO047czoxODoiACoAcGVybWlzc2lvbl9saXN0IjtOO3M6MjQ6IgAqAHJlc29sdmVkX3Byb2JsZW1fbGlzdCI7TjtzOjIyOiIAKgB0cnlpbmdfcHJvYmxlbV9saXN0IjtOO3M6MjI6IgAqAF9udW1iZXJfb2ZfbmV3X21haWwiO047czo2OiIAKgBfZGIiO086MTU6IkRhdGFiYXNlX015U1FMaSI6Njp7czoxNzoiACoAX2Nvbm5lY3Rpb25faWQiO3M6NDA6ImQzZGM3MjFiNWE5MjQ5NThjOGIyMmMxOTBkODk5OTJkOTFjNzc2YTEiO3M6MTQ6IgAqAF9pZGVudGlmaWVyIjtzOjE6ImAiO3M6MTA6Imxhc3RfcXVlcnkiO3M6OTA6IlNFTEVDVCBgc2Vzc2lvbl9pZGAgRlJPTSBgc2Vzc2lvbnNgIFdIRVJFIGBzZXNzaW9uX2lkYCA9ICc1NzgxMDQ0NDk1ZGQ5My0zNzY1Nzk0NycgTElNSVQgMSI7czoxMjoiACoAX2luc3RhbmNlIjtzOjc6ImRlZmF1bHQiO3M6MTQ6IgAqAF9jb25uZWN0aW9uIjtPOjY6Im15c3FsaSI6MTc6e3M6MTM6ImFmZmVjdGVkX3Jvd3MiO047czoxMToiY2xpZW50X2luZm8iO047czoxNDoiY2xpZW50X3ZlcnNpb24iO047czoxMzoiY29ubmVjdF9lcnJubyI7TjtzOjEzOiJjb25uZWN0X2Vycm9yIjtOO3M6NToiZXJybm8iO047czo1OiJlcnJvciI7TjtzOjExOiJmaWVsZF9jb3VudCI7TjtzOjk6Imhvc3RfaW5mbyI7TjtzOjQ6ImluZm8iO047czo5OiJpbnNlcnRfaWQiO047czoxMToic2VydmVyX2luZm8iO047czoxNDoic2VydmVyX3ZlcnNpb24iO047czo4OiJzcWxzdGF0ZSI7TjtzOjE2OiJwcm90b2NvbF92ZXJzaW9uIjtOO3M6OToidGhyZWFkX2lkIjtOO3M6MTM6Indhcm5pbmdfY291bnQiO047fXM6MTA6IgAqAF9jb25maWciO2E6Njp7czo0OiJ0eXBlIjtzOjY6Ik15U1FMaSI7czoxMDoiY29ubmVjdGlvbiI7YTozOntzOjg6Imhvc3RuYW1lIjtzOjk6IjEyNy4wLjAuMSI7czo4OiJkYXRhYmFzZSI7czo1OiJqdWRnZSI7czoxMDoicGVyc2lzdGVudCI7YjowO31zOjEyOiJ0YWJsZV9wcmVmaXgiO3M6MDoiIjtzOjc6ImNoYXJzZXQiO3M6NDoidXRmOCI7czo3OiJjYWNoaW5nIjtiOjA7czo5OiJwcm9maWxpbmciO2I6MTt9fX19');
/*!40000 ALTER TABLE `sessions` ENABLE KEYS */;
UNLOCK TABLES;

--
-- Table structure for table `sim`
--

DROP TABLE IF EXISTS `sim`;
/*!40101 SET @saved_cs_client     = @@character_set_client */;
/*!40101 SET character_set_client = utf8 */;
CREATE TABLE `sim` (
  `s_id` int(11) NOT NULL,
  `sim_s_id` int(11) DEFAULT NULL,
  `sim` int(11) DEFAULT NULL,
  PRIMARY KEY (`s_id`)
) ENGINE=MyISAM DEFAULT CHARSET=utf8;
/*!40101 SET character_set_client = @saved_cs_client */;

--
-- Dumping data for table `sim`
--

LOCK TABLES `sim` WRITE;
/*!40000 ALTER TABLE `sim` DISABLE KEYS */;
/*!40000 ALTER TABLE `sim` ENABLE KEYS */;
UNLOCK TABLES;

--
-- Table structure for table `solution`
--

DROP TABLE IF EXISTS `solution`;
/*!40101 SET @saved_cs_client     = @@character_set_client */;
/*!40101 SET character_set_client = utf8 */;
CREATE TABLE `solution` (
  `solution_id` int(11) NOT NULL AUTO_INCREMENT,
  `problem_id` int(11) NOT NULL DEFAULT '0',
  `user_id` char(48) NOT NULL,
  `time` int(11) NOT NULL DEFAULT '0',
  `memory` int(11) NOT NULL DEFAULT '0',
  `in_date` datetime NOT NULL DEFAULT '1000-01-01 00:00:00',
  `result` smallint(6) NOT NULL DEFAULT '0',
  `language` int(10) unsigned NOT NULL DEFAULT '0',
  `ip` char(15) NOT NULL,
  `contest_id` int(11) DEFAULT NULL,
  `valid` tinyint(4) NOT NULL DEFAULT '1',
  `num` tinyint(4) NOT NULL DEFAULT '-1',
  `code_length` int(11) NOT NULL DEFAULT '0',
  `judgetime` datetime DEFAULT NULL,
  `pass_rate` decimal(2,2) unsigned NOT NULL DEFAULT '0.00',
  PRIMARY KEY (`solution_id`),
  KEY `uid` (`user_id`),
  KEY `pid` (`problem_id`),
  KEY `res` (`result`),
  KEY `cid` (`contest_id`)
) ENGINE=MyISAM AUTO_INCREMENT=1020 DEFAULT CHARSET=utf8;
/*!40101 SET character_set_client = @saved_cs_client */;

--
-- Dumping data for table `solution`
--

LOCK TABLES `solution` WRITE;
/*!40000 ALTER TABLE `solution` DISABLE KEYS */;
INSERT INTO `solution` VALUES (1001,1000,'admin',0,920,'2016-06-19 17:22:12',4,0,'127.0.0.1',NULL,1,-1,107,'2016-07-09 20:11:01','0.00'),(1002,1000,'orientalstu',0,0,'2016-06-19 17:22:57',11,0,'127.0.0.1',NULL,1,-1,107,'2016-06-24 12:03:41','0.00'),(1003,1003,'admin',163,18700,'2016-07-01 20:14:03',4,3,'180.154.201.34',NULL,1,-1,886,'2016-07-02 15:50:22','0.00'),(1004,1003,'admin',152,18256,'2016-07-02 15:29:06',4,3,'58.37.160.186',NULL,1,-1,908,'2016-07-02 15:42:41','0.00'),(1005,109,'admin',168,19984,'2016-07-02 17:00:04',4,3,'58.37.160.186',NULL,1,-1,580,'2016-07-02 17:00:04','0.00'),(1006,107,'admin',0,1504,'2016-07-02 17:42:52',4,1,'58.37.160.186',NULL,1,-1,661,'2016-07-09 20:09:47','0.00'),(1007,108,'admin',147,18556,'2016-07-03 02:10:13',4,3,'211.161.247.209',NULL,1,-1,1835,'2016-07-03 02:28:46','0.00'),(1008,103,'admin',149,17584,'2016-07-03 14:26:14',4,3,'101.44.66.123',NULL,1,-1,453,'2016-07-03 14:26:14','0.00'),(1009,101,'admin',0,0,'2016-07-03 14:57:02',11,3,'101.44.66.123',NULL,1,-1,525,'2016-07-03 14:57:02','0.00'),(1010,101,'admin',135,16692,'2016-07-03 14:57:47',4,3,'101.44.66.123',NULL,1,-1,522,'2016-07-03 14:57:48','0.00'),(1011,102,'admin',147,18676,'2016-07-03 17:07:20',4,3,'101.44.66.123',NULL,1,-1,422,'2016-07-03 17:08:02','0.00'),(1012,104,'admin',146,18784,'2016-07-03 17:41:50',4,3,'101.44.66.123',NULL,1,-1,871,'2016-07-03 17:41:50','0.00'),(1013,105,'admin',181,17764,'2016-07-03 19:18:36',4,3,'211.161.244.93',NULL,1,-1,381,'2016-07-03 19:18:36','0.00'),(1014,1005,'admin',151,18524,'2016-07-04 00:18:00',4,3,'115.174.201.241',NULL,1,-1,853,'2016-07-04 00:18:00','0.00'),(1015,1006,'admin',148,18564,'2016-07-07 18:54:20',4,3,'211.161.247.91',NULL,1,-1,1019,'2016-07-07 18:54:21','0.00'),(1016,1008,'admin',155,18500,'2016-07-08 19:50:55',10,3,'211.161.244.81',NULL,1,-1,2244,'2016-07-08 19:57:15','0.00'),(1017,1008,'admin',152,18704,'2016-07-08 20:00:40',4,3,'211.161.244.81',NULL,1,-1,2336,'2016-07-08 20:00:41','0.00'),(1018,1009,'admin',145,18792,'2016-07-09 01:01:02',4,3,'211.161.244.216',NULL,1,-1,1405,'2016-07-09 14:54:53','0.00'),(1019,110,'admin',9,2304,'2016-07-09 20:45:02',4,1,'211.161.247.219',NULL,1,-1,1437,'2016-07-09 20:45:02','0.00');
/*!40000 ALTER TABLE `solution` ENABLE KEYS */;
UNLOCK TABLES;

--
-- Table structure for table `source_code`
--

DROP TABLE IF EXISTS `source_code`;
/*!40101 SET @saved_cs_client     = @@character_set_client */;
/*!40101 SET character_set_client = utf8 */;
CREATE TABLE `source_code` (
  `solution_id` int(11) NOT NULL,
  `source` text NOT NULL,
  PRIMARY KEY (`solution_id`)
) ENGINE=MyISAM DEFAULT CHARSET=utf8;
/*!40101 SET character_set_client = @saved_cs_client */;

--
-- Dumping data for table `source_code`
--

LOCK TABLES `source_code` WRITE;
/*!40000 ALTER TABLE `source_code` DISABLE KEYS */;
INSERT INTO `source_code` VALUES (1001,'#include <stdio.h>\nint main() {int a, b;\n    scanf(\"%d%d\", &a, &b);\n    printf(\"%d\\n\", a + b);\n    return 0;\n\n}'),(1002,'#include\n \nint main() {\n    int a, b;\n    scanf(\"%d%d\", &a, &b);\n    printf(\"%d\\n\", a + b);\n    return 0;\n}'),(1003,'import java.util.Scanner;\n\npublic class Main {\n    static int N,B,D;\n	public static void main(String[] args) {\n		Scanner scan = new Scanner(System.in);\n		N = scan.nextInt();\n		B = scan.nextInt();\n		D = scan.nextInt();\n		\n		int[] result = new int[N];\n		result[0]=0;\n		for(int i=1;i<N;i++){\n			int index=1;\n			while(index<=Math.pow(2, B)){\n				boolean isHamming = true;\n				for(int j=0;j<i;j++){\n					if(getHammingDis(result[j],index)==false){\n						isHamming = false;\n						break;\n					}\n				}\n				if(isHamming == true){\n					result[i] = index;\n					break;\n				}\n				index++;\n			}\n		}\n		for(int i=0;i<N;i++){\n			System.out.print(result[i]+\" \");\n		}\n	}\n    \n	\n	public static boolean getHammingDis(int a,int b){\n		int difNum = 0 ;\n		for(int i=0;i<B;i++){\n			int a1 = a&(1<<i);\n			int b1 = b&(1<<i);\n			if(a1!=b1)\n				difNum ++;\n			if(difNum>=D)\n				return true;\n		}\n		\n		return false;\n	}\n}'),(1004,'import java.util.Scanner;\n\npublic class Main {\n    static int N,B,D;\n	public static void main(String[] args) {\n		Scanner scan = new Scanner(System.in);\n		N = scan.nextInt();\n		B = scan.nextInt();\n		D = scan.nextInt();\n		\n		int[] result = new int[N];\n		result[0]=0;\n		for(int i=1;i<N;i++){\n			int index=1;\n			while(index<=Math.pow(2, B)){\n				boolean isHamming = true;\n				for(int j=0;j<i;j++){\n					if(getHammingDis(result[j],index)==false){\n						isHamming = false;\n						break;\n					}\n				}\n				if(isHamming == true){\n					result[i] = index;\n					break;\n				}\n				index++;\n			}\n		}\n		for(int i=0;i<N;i++){\n			System.out.print(result[i]);\n			System.out.print(\" \");\n		}\n	}\n    \n	\n	public static boolean getHammingDis(int a,int b){\n		int difNum = 0 ;\n		for(int i=0;i<B;i++){\n			int a1 = a&(1<<i);\n			int b1 = b&(1<<i);\n			if(a1!=b1)\n				difNum ++;\n			if(difNum>=D)\n				return true;\n		}\n		\n		return false;\n	}\n}'),(1005,'import java.math.BigDecimal;\nimport java.util.Scanner;\n\npublic class Main {\n\n	public static void main(String[] args) {\n		Scanner cin=new Scanner(System.in);\n        while(cin.hasNext())\n        {\n            BigDecimal r=cin.nextBigDecimal();\n            int n=cin.nextInt();\n            r=r.pow(n).stripTrailingZeros();//\n            String m_string=r.toPlainString();//\n            if(m_string.charAt(0)==\'0\')\n            m_string=m_string.substring(1);\n            System.out.println(m_string);\n        }\n\n	}\n\n}'),(1006,'#include <iostream>\nusing namespace std;\n#define ULL unsigned long long\n\nULL mul_mod (ULL a, ULL b, ULL c) \n{\n    ULL res = 0;\n    for ( ; b; b >>= 1)\n    {\n        if (b & 1)\n        {\n            res += a;   \n            if (res >= c) res -= c;\n        }\n        a <<= 1;    \n        if (a >= c) a -= c;\n    }\n    return res;\n}\n\nULL qmod (ULL a, ULL b, ULL c)\n{\n    ULL res = 1;\n    for ( ; b; b >>= 1)\n    {\n        if (b & 1)\n            res = mul_mod (a, res, c);\n        a = mul_mod (a, a, c);\n    }\n    return res;\n}\n\nint main()\n{\n    ULL a, b, c;\n    if (~scanf (\"%lld%lld%lld\", &a, &b, &c))\n        printf (\"%lld\\n\", qmod (a%c, b, c));\n    return 0;\n}\n'),(1007,'import java.util.*;\n\npublic class Main {\n\n	public static void main(String[] args) {\n		ArrayList<Long> inputs = new ArrayList<Long>();\n		Scanner scan = new Scanner(System.in);// \n		long num1 = 0, num2 = 0;\n\n		if (scan.hasNextLine()) {\n			String inputStr = scan.nextLine();\n			String[] vars = inputStr.split(\" \");\n			for (int i = 0; i < vars.length; i++) {\n				long temp = Long.valueOf(vars[i]);\n				inputs.add(temp);\n				if (num1 == 0)\n					num1 = temp;\n				else {\n					num2 = temp;\n					num1 = maxCommonDivisor(num1, num2);\n				}\n\n			}\n\n			System.out.println(num1);// maxCommonDivisor()\n			System.out.println(minCommonMultiple(inputs, num1));// minCommonMultiple()\n		}\n	}\n\n	// \n	public static long maxCommonDivisor(long m, long n) {\n		if (m < n) {// m>n,m<n,\n			long temp = m;\n			m = n;\n			n = temp;\n		}\n		if (m % n == 0) {// 0,\n			return n;\n		} else { // ,,nm,n\n			return maxCommonDivisor(n, m % n);\n		}\n	}\n\n	// \n	public static long maxCommonDivisor2(long m, long n) {\n\n		if (m < n) {// m>n,m<n,\n			long temp = m;\n			m = n;\n			n = temp;\n		}\n		while (m % n != 0) {// 0,\n			long temp = m % n;\n			m = n;\n			n = temp;\n		}\n		return n;// \n	}\n\n	// \n	public static long minCommonMultiple(long m, long n) {\n		return m * n / maxCommonDivisor(m, n);\n	}\n\n	// \n	public static long minCommonMultiple(ArrayList<Long> array, long maxDivisor) {\n		long min = minCommonMultiple(array.get(0),array.get(1));\n		for (int i = 2; i < array.size(); i++) {\n			min = minCommonMultiple(array.get(i),min);\n		}\n\n		return min;\n	}\n\n}\n'),(1008,'import java.util.Scanner;\n\npublic class Main {\n\n	public static void main(String argv[]) {\n\n		Scanner scan = new Scanner(System.in);\n		int N = scan.nextInt();\n		if(isPrime(N)){\n			System.out.print(\"YES\");\n		}else\n			System.out.print(\"NO\");\n\n	}\n\n	private static boolean isPrime(int n) {\n		if (n <= 1) {\n			return false;\n		}\n		int k = (int) Math.sqrt(n);\n		for (int i = 2; i <= k; i++) {\n			if (n % i == 0) {\n				return false;\n			}\n		}\n		return true;\n	}\n\n}'),(1009,'import java.util.ArrayList;\nimport java.util.Scanner;\n\npublic class Summing {\n\n	public static void main(String[] args) {\n		ArrayList<Integer> inputs = new ArrayList<Integer>();\n		Scanner scan = new Scanner(System.in);\n		while(scan.hasNext()){\n			String str = scan.nextLine();\n			try{\n				int i = Integer.valueOf(str);\n				inputs.add(i);\n			}catch(NumberFormatException e){\n				break;\n			}\n		}\n		scan.close();\n        int add = 0;\n		for(int i=0;i<inputs.size();i++){\n			add += inputs.get(i);\n		}\n		System.out.print(add);\n	}\n\n}'),(1010,'import java.util.ArrayList;\nimport java.util.Scanner;\n\npublic class Main {\n\n	public static void main(String[] args) {\n		ArrayList<Integer> inputs = new ArrayList<Integer>();\n		Scanner scan = new Scanner(System.in);\n		while(scan.hasNext()){\n			String str = scan.nextLine();\n			try{\n				int i = Integer.valueOf(str);\n				inputs.add(i);\n			}catch(NumberFormatException e){\n				break;\n			}\n		}\n		scan.close();\n        int add = 0;\n		for(int i=0;i<inputs.size();i++){\n			add += inputs.get(i);\n		}\n		System.out.print(add);\n	}\n\n}'),(1011,'import java.math.BigDecimal;\nimport java.util.Scanner;\n\npublic class Main {\n\n	public static void main(String[] args) {\n		// TODO Auto-generated method stub\n		Scanner scan = new Scanner(System.in);\n		double n = scan.nextInt();\n		System.out.print(new BigDecimal(calHanoi(n)));\n	}\n    \n	private static double calHanoi(double n){\n		if(n==1)\n			return 1;\n		else if(n==2)\n			return 3;\n		else{\n			return 2*calHanoi(n-1);\n		}\n	}\n}'),(1012,'import java.util.ArrayList;\nimport java.util.HashMap;\nimport java.util.Scanner;\n\npublic class Main {\n\n	static HashMap<Integer,Integer> factors = new HashMap<Integer,Integer>();\n	static ArrayList<Integer> keys = new ArrayList<Integer>();\n	\n	public static void primeFactors(int numbers) {\n		int n = numbers;\n		\n		for (int i = 2; i <= n / i; i++) {\n			while (n % i == 0) {\n				if(factors.containsKey(i))\n					factors.put(i, factors.get(i)+1);\n				else{\n					factors.put(i, 1);\n					keys.add(i);\n				}\n				\n				n /= i;\n			}\n		}\n		if (n > 1) {\n			factors.put(n, 1);\n			keys.add(n);\n		}\n	}\n\n	public static void main(String[] args) {\n		StringBuffer buffer =new StringBuffer();\n		Scanner scan = new Scanner(System.in);\n		primeFactors(scan.nextInt());\n		\n		for (Integer i : keys) {\n			buffer.append(i+\"(\"+factors.get(i)+\")\");\n		}\n		\n		System.out.println(buffer.toString());\n\n	}\n\n}'),(1013,'import java.util.Scanner;\n\npublic class Main {\n   \n	static int N;\n	static int K;\n	public static void main(String[] args) {\n		Scanner scan = new Scanner(System.in);\n		N = scan.nextInt();\n		K = scan.nextInt();\n		\n		int survior = 1;\n		for(int i=2;i<=N;i++){\n			survior = (survior+K)%i;\n			if(survior == 0)//the i-th position\n				survior = i;\n		}\n		System.out.print(survior);\n	}\n    \n}'),(1014,'import java.util.ArrayList;\nimport java.util.Scanner;\n\npublic class Main {\n\n	public static void main(String[] args) {\n		// TODO Auto-generated method stub\n		ArrayList<String> results = new ArrayList<String>();\n		Scanner scan = new Scanner(System.in);// \n		while(scan.hasNext()){\n			int day = scan.nextInt();\n			if(day==0)\n				break;\n			int dMoney = getDailyMoney(day);\n			int money =0;\n			for(int i=1;i<=dMoney;i++){\n				money+=i*i;\n			}\n			money+=(day-dMoney*(dMoney+1)/2)*(dMoney+1);\n			results.add(day+\" \"+money);\n		}\n		\n		for(int i=0;i<results.size()-1;i++){\n			System.out.println(results.get(i));\n		}\n		System.out.print(results.get(results.size()-1));\n	}\n    \n	static int getDailyMoney(int day){\n		int num = day*2;\n		int money = (int)Math.pow(num,0.5);\n		if(money*(money+1)>num)\n			return money-1;\n		return money;\n	}\n}'),(1015,'import java.util.ArrayList;\nimport java.util.Scanner;\n\npublic class Main {\n\n	static ArrayList<Integer> results = new ArrayList<Integer>();\n\n	public static void main(String argv[]) {\n\n		Scanner scan = new Scanner(System.in);\n		while (scan.hasNext()) {\n			String str = scan.nextLine();\n			try {\n				String[] pairs = str.split(\" \");\n				if (pairs == null || pairs.length != 2) {\n					break;\n				}\n				results.add(getLengthOfN(Integer.valueOf(pairs[0]), Integer.valueOf(pairs[1])));\n\n			} catch (NumberFormatException e) {\n				break;\n			}\n		}\n		scan.close();\n\n		for (int i = 0; i < results.size(); i++) {\n			System.out.println(results.get(i));\n		}\n\n	}\n\n	public static int gys(int a, int b) // gongyueshu\n	{\n		if (a == 0)\n			return b;\n		return gys(b % a, a);\n	}\n\n	public static int getLengthOfN(int n, int k) {\n		int temp = gys(n, k);\n		k = k / temp;\n		if (((k & 1) == 0) || ((k % 5) == 0)) {\n			return 0;\n		}\n\n		n = n / temp;\n		int c = 0, i = 0;\n		do {\n			c = (c * 10 + 1) % k;\n			i++;\n		} while (c != 0);\n		return i;\n	}\n}\n'),(1016,'import java.util.ArrayList;\nimport java.util.Scanner;\n\npublic class Main {\n\n	public static void main(String[] args) throws Exception {\n\n		Scanner scan = new Scanner(System.in);\n		String line = scan.nextLine();\n		int testCases = Integer.parseInt(line);\n\n		line = scan.nextLine(); // read the empty line\n\n		while (testCases-- > 0) {\n\n			line = scan.nextLine();\n			if (line.length() == 0) {\n				testCases++;\n				continue;\n			}\n\n			int n = Integer.parseInt(line);\n			String[] names = new String[n];\n\n			for (int i = 0; i < n; i++)\n				names[i] = scan.nextLine();\n\n			ArrayList<Integer[]> results = new ArrayList<Integer[]>();\n\n			while (true) {\n\n				line = scan.nextLine();\n				if (line == null || line.length() == 0)\n					break;\n\n				line = line.trim();\n				Integer[] ballot = new Integer[n];\n\n				String[] parts = line.split(\"\\\\s+\");\n\n				for (int i = 0; i < parts.length; i++)\n					ballot[i] = Integer.parseInt(parts[i]) - 1;\n\n				results.add(ballot);\n\n			}\n\n			Boolean[] blacklist = new Boolean[n];\n			for (int i = 0; i < n; i++) {\n				blacklist[i] = false;\n			}\n\n			ArrayList<Integer> winners = new ArrayList<Integer>();\n\n			while (true) {\n\n				Integer[] sum = new Integer[n];\n				for (int i = 0; i < n; i++)\n					sum[i] = 0;\n\n				int max = 0;\n				int maxChoice = -1;\n\n				for (int i = 0; i < results.size(); i++) {\n					Integer[] r = results.get(i);\n					int choice = -1;\n					for (int j = 0; j < n; j++) {\n						if (!blacklist[r[j]]) {\n							choice = r[j];\n							break;\n						}\n					}\n\n					sum[choice]++;\n					if (sum[choice] > max) {\n						max = sum[choice];\n						maxChoice = choice;\n					}\n				}\n\n				if (max * 2 > results.size()) {\n					winners.add(maxChoice);\n					break;\n				} else {\n\n					int min = results.size();\n					for (int i = 0; i < n; i++) {\n						if (!blacklist[i] && (sum[i] < min))\n							min = sum[i];\n					}\n\n					for (int i = 0; i < n; i++) {\n						if ((!blacklist[i]) && (sum[i] == min)) {\n							if (min == max) {\n								winners.add(i);\n							} else {\n								blacklist[i] = true;\n							}\n						}\n					}\n\n					if (min == max)\n						break;\n\n				}\n\n			}\n\n			for (int i = 0; i < winners.size(); i++) {\n				System.out.println(names[winners.get(i)]);\n			}\n\n			if (testCases > 0)\n				System.out.println();\n\n		}\n\n	}\n\n}\n'),(1017,'import java.util.ArrayList;\nimport java.util.Scanner;\n\npublic class Main {\n\n	public static void main(String[] args) throws Exception {\n\n		Scanner scan = new Scanner(System.in);// \n		String line = scan.nextLine();\n		int testCases = Integer.parseInt(line);\n\n		line = scan.nextLine(); // read the empty line\n\n		while (testCases-- > 0) {\n\n			line = scan.nextLine();\n			if (line.length() == 0) {\n				testCases++;\n				continue;\n			}\n\n			int n = Integer.parseInt(line);\n			String[] names = new String[n];\n\n			for (int i = 0; i < n; i++)\n				names[i] = scan.nextLine();\n\n			ArrayList<Integer[]> results = new ArrayList<Integer[]>();\n\n			while (true) {\n                if(!scan.hasNext())\n                	break;\n				line = scan.nextLine();\n				if (line == null || line.length() == 0)\n					break;\n\n				line = line.trim();\n				Integer[] ballot = new Integer[n];\n\n				String[] parts = line.split(\"\\\\s+\");\n\n				for (int i = 0; i < parts.length; i++)\n					ballot[i] = Integer.parseInt(parts[i]) - 1;\n\n				results.add(ballot);\n\n			}\n\n			Boolean[] blacklist = new Boolean[n];\n			for (int i = 0; i < n; i++) {\n				blacklist[i] = false;\n			}\n\n			ArrayList<Integer> winners = new ArrayList<Integer>();\n\n			while (true) {\n\n				Integer[] sum = new Integer[n];\n				for (int i = 0; i < n; i++)\n					sum[i] = 0;\n\n				int max = 0;\n				int maxChoice = -1;\n\n				for (int i = 0; i < results.size(); i++) {\n					Integer[] r = results.get(i);\n					int choice = -1;\n					for (int j = 0; j < n; j++) {\n						if (!blacklist[r[j]]) {\n							choice = r[j];\n							break;\n						}\n					}\n\n					sum[choice]++;\n					if (sum[choice] > max) {\n						max = sum[choice];\n						maxChoice = choice;\n					}\n				}\n\n				if (max * 2 > results.size()) {\n					winners.add(maxChoice);\n					break;\n				} else {\n\n					int min = results.size();\n					for (int i = 0; i < n; i++) {\n						if (!blacklist[i] && (sum[i] < min))\n							min = sum[i];\n					}\n\n					for (int i = 0; i < n; i++) {\n						if ((!blacklist[i]) && (sum[i] == min)) {\n							if (min == max) {\n								winners.add(i);\n							} else {\n								blacklist[i] = true;\n							}\n						}\n					}\n\n					if (min == max)\n						break;\n\n				}\n\n			}\n\n			for (int i = 0; i < winners.size(); i++) {\n				System.out.println(names[winners.get(i)]);\n			}\n\n			if (testCases > 0)\n				System.out.println();\n\n		}\n\n	}\n\n}\n'),(1018,'import java.util.Scanner;\n\npublic class Main {\n	public static void main(String[] args) throws Exception {\n\n		Scanner scan = new Scanner(System.in);// \n		int run = 0;\n\n		while (true) {\n			run++;\n			String line = scan.nextLine();\n			int n = Integer.parseInt(line);\n			if (n == 0)\n				break;\n\n			StringBuilder goodLines = new StringBuilder();\n			StringBuilder goodNums = new StringBuilder();\n			buildCom(scan, n, goodLines, goodNums);\n\n			int m = Integer.parseInt(scan.nextLine());\n			StringBuilder inLines = new StringBuilder();\n			StringBuilder inNums = new StringBuilder();\n			buildCom(scan, m, inLines, inNums);\n\n			System.out.print(\"Run #\");\n			System.out.print(run);\n			System.out.print(\": \");\n\n			if (goodLines.toString().compareTo(inLines.toString()) == 0) {\n				System.out.println(\"Accepted\");\n			} else if (goodNums.toString().compareTo(inNums.toString()) == 0) {\n				System.out.println(\"Presentation Error\");\n			} else {\n				System.out.println(\"Wrong Answer\");\n			}\n\n		}\n\n	}\n\n	static void buildCom(Scanner reader, int numberOfLines, StringBuilder lines, StringBuilder nums) throws Exception {\n		String line;\n		for (int i = 0; i < numberOfLines; i++) {\n			line = reader.nextLine();\n			lines.append(line + \'\\n\');\n\n			for (int j = 0; j < line.length(); j++) {\n				if (Character.isDigit(line.charAt(j))) {\n					nums.append(line.charAt(j));\n				}\n			}\n		}\n		return;\n\n	}\n\n}'),(1019,'#include <cstdio>\nlong long int num[100005];\nchar sign[100005], temp[4];\nint lv[100005], signlv[260];\nint topn, tops;\nlong long int number;\nlong long int f(char s) {\n	switch (s) {\n	case \'+\':\n		return (num[topn] + num[topn + 1]) % 10000;\n	case \'*\':\n		return (num[topn] * num[topn + 1]) % 10000;\n	default:\n		return -1;\n	}\n	return -1;\n}\nvoid init() {\n	lv[0] = -1;\n	signlv[\'+\'] = 1;\n	signlv[\'*\'] = 2;\n	return ;\n}\nvoid solve() {\n	char tt;\n	while ((tt = getchar()) != \'\\n\') {\n		switch (tt) {\n		case \'+\':\n		case \'*\': {\n			num[++topn] = number;\n			number = 0;\n			if (lv[tops] < signlv[tt])\n				++tops;\n			else\n				num[--topn] = f(sign[tops]);\n			sign[tops] = tt;\n			lv[tops] = signlv[tt];\n			break;\n		}\n		default: {\n			number = number * 10 + tt - \'0\';\n			break;\n		}\n		}\n	}\n	num[++topn]= number;\n	while (tops)\n		num[--topn] = f(sign[tops--]);\n	return ;\n}\nvoid output() {\n	bool flag = false;\n	temp[0] = num[1] % 10;\n	temp[1] = (num[1] /= 10) % 10;\n	temp[2] = (num[1] /= 10) % 10;\n	temp[3] = (num[1] /= 10) % 10;\n	if (!temp[0] && !temp[1] && !temp[2] && !temp[3]) {\n		putchar(\'0\');\n		putchar(\'\\n\');\n		return ;\n	}\n	if (temp[3] || flag) {\n		putchar(temp[3] + \'0\');\n		flag = true;\n	}\n	if (temp[2] || flag) {\n		putchar(temp[2] + \'0\');\n		flag = true;\n	}\n	if (temp[1] || flag) {\n		putchar(temp[1] + \'0\');\n		flag = true;\n	}\n	if (temp[0] || flag)\n		putchar(temp[0] + \'0\');\n	putchar(\'\\n\');\n	return ;\n}\nint main() {\n	init();\n	solve();\n	output();\n	return 0;\n}');
/*!40000 ALTER TABLE `source_code` ENABLE KEYS */;
UNLOCK TABLES;

--
-- Table structure for table `topic`
--

DROP TABLE IF EXISTS `topic`;
/*!40101 SET @saved_cs_client     = @@character_set_client */;
/*!40101 SET character_set_client = utf8 */;
CREATE TABLE `topic` (
  `tid` int(11) NOT NULL AUTO_INCREMENT,
  `title` varbinary(60) NOT NULL,
  `status` int(2) NOT NULL DEFAULT '0',
  `top_level` int(2) NOT NULL DEFAULT '0',
  `cid` int(11) DEFAULT NULL,
  `pid` int(11) NOT NULL,
  `author_id` varchar(48) NOT NULL,
  PRIMARY KEY (`tid`),
  KEY `cid` (`cid`,`pid`)
) ENGINE=MyISAM AUTO_INCREMENT=2 DEFAULT CHARSET=utf8;
/*!40101 SET character_set_client = @saved_cs_client */;

--
-- Dumping data for table `topic`
--

LOCK TABLES `topic` WRITE;
/*!40000 ALTER TABLE `topic` DISABLE KEYS */;
INSERT INTO `topic` VALUES (1,'test',0,0,0,1001,'admin');
/*!40000 ALTER TABLE `topic` ENABLE KEYS */;
UNLOCK TABLES;

--
-- Table structure for table `users`
--

DROP TABLE IF EXISTS `users`;
/*!40101 SET @saved_cs_client     = @@character_set_client */;
/*!40101 SET character_set_client = utf8 */;
CREATE TABLE `users` (
  `user_id` varchar(48) NOT NULL DEFAULT '',
  `email` varchar(100) DEFAULT NULL,
  `submit` int(11) DEFAULT '0',
  `solved` int(11) DEFAULT '0',
  `defunct` char(1) NOT NULL DEFAULT 'N',
  `ip` varchar(20) NOT NULL DEFAULT '',
  `accesstime` datetime DEFAULT NULL,
  `volume` int(11) NOT NULL DEFAULT '1',
  `language` int(11) NOT NULL DEFAULT '1',
  `password` varchar(32) DEFAULT NULL,
  `reg_time` datetime DEFAULT NULL,
  `nick` varchar(100) NOT NULL DEFAULT '',
  `school` varchar(100) NOT NULL DEFAULT '',
  `locale` char(7) DEFAULT NULL,
  `theme` char(30) DEFAULT NULL,
  PRIMARY KEY (`user_id`)
) ENGINE=MyISAM DEFAULT CHARSET=utf8;
/*!40101 SET character_set_client = @saved_cs_client */;

--
-- Dumping data for table `users`
--

LOCK TABLES `users` WRITE;
/*!40000 ALTER TABLE `users` DISABLE KEYS */;
INSERT INTO `users` VALUES ('spidermandl','spiderman.dl@gmail.com',0,0,'Y','127.0.0.1','2016-06-12 20:43:24',1,1,'Sd1cnKEP4R7WJlavC9v0wGsupQdmNjE0','2016-06-12 20:43:24','desmond','tongji','en',NULL),('orientalstu','12345678@qq.com',1,0,'N','211.161.247.219','2016-07-09 22:03:48',1,0,'sD4JtgUF53tQhpoRZZfKo57DMBFjYmRm','2016-06-12 22:31:25','desmond','tj','en',NULL),('admin','87654321@qq.com',18,15,'N','202.120.30.245','2016-07-09 14:52:01',1,1,'krsGGNs2W/Tvz+ddCm/PtUtlCCI4Mzgz','2016-06-13 00:07:11','admin','stju','en',NULL),('des1','des1@qq.com',0,0,'N','180.154.204.137','2016-06-22 16:22:39',1,1,'TBWgzdZfhzKRM/adYo1C9T1h990zYzUw','2016-06-22 15:04:32','des1','none','en',NULL);
/*!40000 ALTER TABLE `users` ENABLE KEYS */;
UNLOCK TABLES;
/*!40103 SET TIME_ZONE=@OLD_TIME_ZONE */;

/*!40101 SET SQL_MODE=@OLD_SQL_MODE */;
/*!40014 SET FOREIGN_KEY_CHECKS=@OLD_FOREIGN_KEY_CHECKS */;
/*!40014 SET UNIQUE_CHECKS=@OLD_UNIQUE_CHECKS */;
/*!40101 SET CHARACTER_SET_CLIENT=@OLD_CHARACTER_SET_CLIENT */;
/*!40101 SET CHARACTER_SET_RESULTS=@OLD_CHARACTER_SET_RESULTS */;
/*!40101 SET COLLATION_CONNECTION=@OLD_COLLATION_CONNECTION */;
/*!40111 SET SQL_NOTES=@OLD_SQL_NOTES */;

-- Dump completed on 2016-07-09 22:12:26
